id,sequence,true_label,rnn_pos_prob,gnn_pos_prob,graphsage_pos_prob,comdel_pos_prob,xgboost_pos_prob,xgboost_pred,final_result
BAGEL4_1.2_Abp118_alpha,MMKEFTVLTECELAKVDGGKRGPNCVGNFLGGLFAGAAAGVPLGPAGIVGGANLGMVGGALTCL,1,0.690916,0.946069,0.993021,0.99906,0.887409,1,阳性
BAGEL4_10.2_AFP-1,MINRTDCNENSYLEIHNNEGRDTLCFANAGTMPVAIYGVNWVESGNNVVTLQFQRNLSDPRLETITLQKWGSWNPGHIHEILSIRIY,1,0.653777,0.941191,0.991393,0.50971,0.466253,0,阴性
BAGEL4_100.2_EnterocinP,ATRSYGNGVYCNDDKCWVNWNEANQQIAGIVISGWASGLAGMGH,1,0.744212,0.961013,0.992134,1.0,0.997183,1,阳性
BAGEL4_101.2_EP-20,EGPVGLADPDGPASAPLGAP,1,0.084803,0.702146,0.949345,1.0,0.987138,1,阳性
BAGEL4_102.2_Fulvocin-C,ANCSCSTASDYCPILTFCTTGTACSYTPTGCGTGWVYCACNGNFY,1,0.670075,0.975544,0.987608,1.0,0.993991,1,阳性
BAGEL4_103.2_garvieacinQ_garQ,MENKNYTVLSDEELQKIDGGEYHLMNGANGYLTRVNGKYVYRVTKDPVSAVFGVISNGWGSAGAGFGPQH,1,0.785817,0.948809,0.993645,0.999978,0.962002,1,阳性
BAGEL4_104.2_Gassericin_T,MKNFNTLSFETLANIVGGRNNWAANIGGVGGATVAGWALGNAVCGPACGFVGAHYVPIAWAGVTAATGGFGKIRK,1,0.869336,0.968451,0.994025,1.0,0.996709,1,阳性
BAGEL4_105.2_GP-19,GPVGLLSSPGSLPPVGGAP,1,0.201482,0.927379,0.994469,0.99873,0.889129,1,阳性
BAGEL4_106.2_Halocin-C8,DIDITGCSACKYAAGQVCTIGCSAAGGFICGLLGITIPVAGLSCLGFVEIVCTVADEYSGCGDAVAKEACNRAGLC,1,0.76864,0.934569,0.988255,1.0,0.99834,1,阳性
BAGEL4_107.2_Hiracin_JM79,MKKKVLKHCVILGILGTCLAGIGTGIKVDAATYYGNGLYCNKEKCWVDWNQAKGEIGKIIVNGWVNHGPWAPRR,1,0.974762,0.992939,0.997137,1.0,0.998134,1,阳性
BAGEL4_108.2_hominicin,ITPATPFTPAITEITAAVIA,1,0.391171,0.940997,0.971571,0.999997,0.943625,1,阳性
BAGEL4_109.2_Enterocin_96,MLNKKLLENGVVNAVTIDELDAQFGGMSKRDCNLMKACCAGQAVTYAIHSLLNRLGGDSSDPAGCNDIVRKYCK,1,0.87329,0.953607,0.994103,0.999947,0.935483,1,阳性
BAGEL4_11.2_AFP-1,MKLSVRRSLGVATVAAAALAATVVPAAAATTSPTTASAIGPTINRTDCNENSYLEIHNNEGRDTLCFANAGTMPVAIYGVNWVESGNNVVTLQFQRNLSDPRLETITLQKWGSWNPGHIHEILSIRIY,1,0.884092,0.98331,0.99302,0.999922,0.957234,1,阳性
BAGEL4_110.2_Ipomicin,MRFGKPARKASALRAVGALCLAAAVTGAIAAPAQADAPGHPGKHYLQVNVPSDVRTIGVAGGGVQQCFRVTPGAWNDTRALVSNGAQVEVWGYTVADCANRTTANQKYYDKAAAPSDSSTYFWFTLKNLRV,1,0.674193,0.961071,0.987673,0.999937,0.961175,1,阳性
BAGEL4_111.2_Lactacin_F_(fragment),RNNWQTNVGGAVGXAMIGATVGGTI,1,0.858095,0.982246,0.995788,0.997858,0.72907,1,阳性
"BAGEL4_112.2_Lactacin_F,subunit_lafA",MKQFNYLSHKDLAVVVGGRNNWQTNVGGAVGSAMIGATVGGTICGPACAVAGAHYLPILWTAVTAATGGFGKIRK,1,0.825685,0.964566,0.993867,0.998849,0.917792,1,阳性
"BAGEL4_113.2_Lactacin_F,subunit_lafX",MKLNDKELSKIVGGNRWGDTVLSAASGAGTGIKACKSFGPWGMAICGVGGAAIGGYFGYTHN,1,0.931976,0.975642,0.995847,0.999999,0.988556,1,阳性
BAGEL4_114.2_Lacticin_Q,MAGFLKVVQLLAKYGSKAVQWAWANKGKILDWLNAGQAIDWVVSKIKQILGIK,1,0.948158,0.982841,0.995999,1.0,0.994647,1,阳性
BAGEL4_115.2_Lacticin_Z,MAGFLKVVQILAKYGSKAVQWAWANKGKILDWINAGQAIDWVVEKIKQILGIK,1,0.953247,0.984346,0.996185,1.0,0.997617,1,阳性
BAGEL4_116.2_Lactocin_705_alpha,MDNLNKFKKLSDNKLQATIGGGMSGYIQGIPDFLKGYLHGISAANKHKKGRLGY,1,0.957106,0.989038,0.99715,0.890153,0.43177,0,阴性
BAGEL4_117.2_Lactocin_705_beta,MESNKLEKFANISNKDLNKITGGGFWGGLGYIAGRVGAAYGHAQASANNHHSPING,1,0.924587,0.977725,0.996326,1.0,0.997016,1,阳性
BAGEL4_118.2_Lactococcin_972,MNALKRTCATLLISAGLTAGAVGVAAAAVEYVGGGIWDHGLTSSIVYSDYYHGSVCHGSTAVGTKTVRASAPAGYWSLADAPRAIANNQAYWRTTC,1,0.916597,0.984708,0.994711,0.999876,0.92676,1,阳性
BAGEL4_119.2_Lactococcin_972_(Lcn972),MKTKSLVLALSAVTLFSAGGIVAQAEGTWQHGYGVSSAYSNYHHGSKTHSATVVNNNTGRQGKDTQRAGVWAKATVGRNLTEKASFYYNFW,1,0.984822,0.993485,0.996732,0.99998,0.96246,1,阳性
BAGEL4_12.2_Amylovorin,MKQLNSEQLQNIIGGNRWTNAYSAALGCAVPGVKYGKKLGGVWGAVIGGVGGAAVCGLAGYVRKG,1,0.92523,0.986443,0.996268,0.999998,0.914771,1,阳性
BAGEL4_120.2_lactococcin_A,MENLNLNQLENINGGYWKTIWAVGPGLYQRDTETGKYRWIQTQDNLSYTTNVIANGWAGSAAGGYFSGR,1,0.768207,0.961485,0.99282,0.00049,0.060594,0,阴性
BAGEL4_121.2_Lactococcin_A_(LCN-A),MKNQLNFNIVSDEELSEANGGKLTFIQSTAAGDLYYNTNTHKYVYQQTQNAFGAAANTIVNGWMGGAAGGFGLHH,1,0.887804,0.98089,0.995189,0.999991,0.962998,1,阳性
BAGEL4_122.2_Lactococcin_B_(LCN-B),MKNQLNFNIVSDEELAEVNGGSLQYVMSAGPYTWYKDTRTGKTICKQTIDTASYTFGVMAEGWGKTFH,1,0.719886,0.960763,0.993527,1.0,0.991575,1,阳性
BAGEL4_123.2_Lactococcin_G_peptide_alpha_2,GTWDDIGQGIGRVAYXVGKAMGNMSDVNQAS,1,0.89913,0.978606,0.995956,1.0,0.990079,1,阳性
"BAGEL4_124.2_lactococcin_G,_alphasubunit",GTWDDIGQGIGRVAYWVGKAMGNMSDVNQASRINRKKKH,1,0.884476,0.970895,0.995871,1.0,0.991049,1,阳性
"BAGEL4_125.2_lactococcin_G,_betasubunit",KKWGWLAWVDPAYEFIKGFGKGAIKEGNKDKWKNI,1,0.949681,0.991042,0.997374,1.0,0.996825,1,阳性
BAGEL4_126.2_Lactococcin_MMFII,TSYGNGVHCNKSKCWIDVSELETYKAGTVSNPKDILW,1,0.810048,0.977161,0.995663,1.0,0.995343,1,阳性
BAGEL4_128.2_lactococcin_Q_chain_a,MKELSEKELRECVGGSIWGDIGQGVGKAAYWVGKAMGNMSDVNQASRINRKKKH,1,0.918257,0.980349,0.996289,0.997885,0.768253,1,阳性
BAGEL4_129.2_lactococcin_Q_chain_b,MKNNNNNFFKDMEIIEDQELVSITGGKKWGWLAWVEPAGEFLKGFGKGAIKEGNKDKWKNI,1,0.895031,0.977224,0.996195,1.0,0.995677,1,阳性
BAGEL4_13.2_Aureocin_A53,MSWLNFLKYIAKYGKKAVSAAWKYKGKVLEWLNVGPTLEWVWQKLKKIAGL,1,0.954751,0.989206,0.996901,0.999995,0.866549,1,阳性
BAGEL4_131.2_laterosporulin,MACQCPDAISGWTHTDYQCHGLENKMYRHVYAICMNGTQVYCRTEWGSSC,1,0.527067,0.943129,0.993133,0.001105,0.09826,0,阴性
BAGEL4_132.2_LCI,AIKLVQSPNGNFAASFVLDGTKWIFKSKYYDSSKGYWVGIYEVWDRK,1,0.795665,0.919662,0.99155,0.999981,0.961757,1,阳性
BAGEL4_133.2_Leucocin_A_(LeucocinA-UAL187),MMNMKPTESYEQLDNSALEQVVGGKYYGNGVHCTKSGCSVNWGEAFSAGVHRLANGGNGFW,1,0.707704,0.950485,0.99341,1.0,0.996417,1,阳性
BAGEL4_134.2_Leucocin_B,KGKGFWSWASKATSWLTGPQQPGSPLLKKHR,1,0.845485,0.989203,0.997097,1.0,0.993809,1,阳性
BAGEL4_135.2_Leucocin_B_(LeucocinB-Ta11a),MNNMKSADNYQQLDNNALEQVVGGKYYGNGVHCTKSGCSVNWGEAFSAGVHRLANGGNGFW,1,0.833701,0.974772,0.995004,1.0,0.995508,1,阳性
BAGEL4_136.2_Leucocin_C,KNYGNGVHCTKKGCSVDWGYAWTNIANNSVMNGLTGGNAGWHN,1,0.776747,0.953058,0.991848,1.0,0.998403,1,阳性
BAGEL4_137.2_Leucocin_K,MKKFKELKENELTAITGGSFVGYYLGRFLASATHYYGKTVTKGHMHSSTINN,1,0.972152,0.992124,0.997326,0.99995,0.964137,1,阳性
BAGEL4_139.2_Lichenin,ISLEICXIFHDN,1,0.810183,0.973727,0.997871,1.0,0.999434,1,阳性
BAGEL4_14.2_Bac32,MKKTKLLVASLCLFSSLLAFTPSVSFSQNGGVVEAAAQRGYIYKKYPKGAKVPNKVKMLVNIRGKQTMRTCYLMSWTASSRTAKYYYYI,1,0.971868,0.997132,0.997389,0.999918,0.908571,1,阳性
BAGEL4_141.2_listeriocin_743A,MKKAALKFIIVIAILGFSFSFFSIQSEAKSYGNGVQCNKKKCWVDWGSAISTIGNNSAANWATGGAAGWKS,1,0.977325,0.996253,0.997732,1.0,0.998486,1,阳性
BAGEL4_142.2_LSEI_2163,MELLNEKELAHVIGGKRKCPKTPFDNTPGAWFAHLILGC,1,0.620139,0.956479,0.995095,0.00077,0.109034,0,阴性
BAGEL4_143.2_LSEI_2386,MKQFDEQKMVNMSDEELLGFIGGDSIRDVSPTFNKIRRWFDGLFK,1,0.867367,0.974291,0.996554,0.997228,0.680012,1,阳性
BAGEL4_144.2_Mesentericin,MTNMKSVEAYQQLDNQNLKKVVGGKYYGNGVHCTKSGCSVNWGEAASAGIHRLANGGNGFW,1,0.824318,0.972784,0.994796,1.0,0.994749,1,阳性
BAGEL4_145.2_Mesentericin_B105,MQDKTNFKILSDSELSTISGGKGVLGWLSMASSALTGPQQPNSPWLAKIKNHK,1,0.764348,0.974145,0.995615,0.999988,0.937396,1,阳性
BAGEL4_146.2_MesentericinY105(anti-Listeria),KYYGNGVHCTKSGCSVNWGEAASAGIHRLANGGNGF,1,0.681171,0.966375,0.992624,1.0,0.997173,1,阳性
BAGEL4_147.2_Microcin_24,MYMRELDREELNCVGGAGDPLADPNSQIVRQIMSNAAWGPPLVPERFRGMAVGAAGGVTQTVLQGAAAHMPVNVPIPKVPMGPSWNGSKG,1,0.606817,0.870582,0.98458,0.986212,0.850549,1,阳性
BAGEL4_148.2_Microcin_C7,MRTGNAN,1,0.670238,0.983863,0.997708,0.999916,0.988388,1,阳性
BAGEL4_149.2_Microcin_I47,MNLNGLPASTNVIDLRGKDMGTYIDANGACWAPDTPSIIMYPGGSGPSYSMSSSTSSANSGS,1,0.484824,0.897621,0.985104,2e-06,0.02326,0,阴性
BAGEL4_150.2_Microcin_PDI,MANIRELTLDEITLVSGGNANSNFEGGPRNDRSSGARNSLGRNAPTHIYSDPSTVKCANAVFSGMIGGAIKGGPIGMARGTIGGAVVGQCLSDHGSGNGSGNRGSSSSCSGNNVGGTCNR,1,0.635519,0.927911,0.989369,0.99393,0.821193,1,阳性
BAGEL4_151.2_Microcin_S,MSNIRELSFDEIALVSGGNANSNYEGGGSRSRNTGARNSLGRNAPTHIYSDPSTVKCANAVFSGMVGGAIKGGPVGMTRGTIGGAVIGQCLSGGGNGNGGGNRAGSSNCSGSNVGGTCSR,1,0.652299,0.940095,0.990571,0.000646,0.092889,0,阴性
BAGEL4_152.2_MR10A,MGAIAKLVAKFGWPIVKKYYKQIMQFIGEGWAINKIIDWIKKHI,1,0.98622,0.990118,0.997474,0.999997,0.961221,1,阳性
BAGEL4_153.2_MR10B,MGAIAKLVAKFGWPFIKKFYKQIMQFIGQGWTIDQIEKWLKRH,1,0.958044,0.986138,0.996718,0.872031,0.427995,0,阴性
BAGEL4_154.2_Mundticin,KYYGNGVSCNKKGCSVDWGKAIGIIGNNSAANLATGGAAGWSK,1,0.932422,0.966286,0.994418,1.0,0.996422,1,阳性
BAGEL4_155.2_Mundticin_ATO6,MKKLTAKEMSQVVGGKYYGNGVSCNKKGCSVDWGKAIGIIGNNSAANLATGGAAGWKS,1,0.881069,0.976556,0.9951,0.999967,0.94473,1,阳性
BAGEL4_156.2_Mundticin_KS,MSQVVGGKYYGNGVSCNKKGCSVDWGKAIGIIGNNSAANLATGGAAGWKS,1,0.785224,0.957445,0.9927,1.0,0.994441,1,阳性
BAGEL4_157.2_Mutacin_IV,MEWRINTMELNVNNYKSLTNDELSEVFGGDKQAADTFLSAVGGAASGFTYCASNGVWHPYILAGCAGVGAVGSVVFPH,1,0.793903,0.948341,0.993034,0.999983,0.952828,1,阳性
BAGEL4_158.2_Pediocin,MRKIEKLTEKEMASIIGGKYYGNGVTCGKHSCSVDWGKATTCIINNGAMAWATGGHQGDHKC,1,0.867018,0.971064,0.994953,1.0,0.995809,1,阳性
BAGEL4_159.2_Pediocin,MNKTKSEHIKQQALDLFTRLQFLLQKHDTIEPYQYVLDILETGISKTKHNQQTPERQARVVYNKIASQALVDKLHFTAEENKVLAAINELAHSQKGWGEFN,1,0.933953,0.986942,0.995871,1.0,0.992785,1,阳性
BAGEL4_16.2_Bacteriocin_31,MKKKLVICGIIGIGFTALGTNVEAATYYGNGLYCNKQKCWVDWNKASREIGKIIVNGWVQHGPWAPR,1,0.983697,0.993755,0.997306,0.968978,0.66201,1,阳性
BAGEL4_160.2_Pediocin_L50_{C-terminal},MGAIAKLVAKFGXXIVVKYYKQIMQFIGQGVTINXIPLIXF,1,0.84273,0.981245,0.995969,0.978558,0.542158,1,阳性
BAGEL4_161.2_Pediocin_PA,MKKIEKLTEKEMANIIGGKYYGNGVTCGKHSCSVDWGKATTCIINNGAMAWATGGHQGNHKC,1,0.901982,0.975244,0.995236,1.0,0.99347,1,阳性
BAGEL4_162.2_Pediocin_PA-1,KYYGNGVTCGKHSCSVDWGKATTCIINNGAMAXATGGHQGNHKX,1,0.712512,0.966651,0.991761,1.0,0.998066,1,阳性
BAGEL4_163.2_Penocin_A,MTEIKVLNDKELKNVVGGKYYGNGVHCGKKTCYVDWGQATASIGKIIVNGWTQHGPWAHR,1,0.842217,0.964952,0.994711,1.0,0.996569,1,阳性
BAGEL4_164.2_Piscicolin_126,MKTVKELSVKEMQLTTGGKYYGNGVSCNKNGCTVDWSKAIGIIGNNAAANLTTGGAAGWNKG,1,0.883283,0.978208,0.994844,0.999994,0.972904,1,阳性
BAGEL4_165.2_Plantaricin_125_beta_(plnB),MYKELTVDELALIDGGKKKKKKVACTWGNAATAAASGAVXGILGGPTGALAGAIWGVSQCASNNLHGMH,1,0.826735,0.970739,0.995501,0.000628,0.075508,0,阴性
BAGEL4_166.2_Plantaricin_423,MMKKIEKLTEKEMANIIGGKYYGNGVTCGKHSCSVNWGQAFSCSVSHLANFGHGKC,1,0.89917,0.980098,0.996104,1.0,0.992973,1,阳性
BAGEL4_167.2_Plantaricin_A,MKIQIKGMKQLSNKEMQKIVGGKSSAYSLQMGATAIKQVKKLFKKWGW,1,0.929877,0.989211,0.996648,1.0,0.995537,1,阳性
BAGEL4_168.2_Plantaricin_ASM1,MSKLVKTLTVDEISKIQTNGGKPAWCWYTLAMCGAGYDSGTCDYMYSHCFGVKHSSGGGGSYHC,1,0.81634,0.975698,0.995115,0.999997,0.977732,1,阳性
BAGEL4_169.2_Plantaricin_C19,KYYGNGLSCSKKGCTVNWGQAFSCGVNRVATAGHGK,1,0.781476,0.969721,0.994017,1.0,0.995299,1,阳性
BAGEL4_17.2_bacteriocin_J46,MKEQNSFNLLQEVTESELDLILGAKGGSGVIHTISHEVIYNSWNFVFTCCS,1,0.831908,0.97797,0.996451,0.999948,0.8485,1,阳性
BAGEL4_170.2_Plantaricin_E,MLQFEKLQYSRLPQKKLAKISGGFNRGGYNFGKSVRHVVDAIGSVAGIRGILKSIR,1,0.891629,0.976306,0.996004,0.999556,0.79071,1,阳性
BAGEL4_171.2_Plantaricin_F,MKKFLVLRDRELNAISGGVFHAYSARGVRNNYKSAVGPADWVISAVRGFIHG,1,0.792628,0.958267,0.994586,0.999998,0.96509,1,阳性
BAGEL4_172.2_Plantaricin_J,MTVNKMIKDLDVVDAFAPISNNKLNGVVGGGAWKNFWSSLRKGFYDGEAGRAIRR,1,0.761893,0.961364,0.994614,0.99999,0.955241,1,阳性
BAGEL4_173.2_Plantaricin_K,MKIKLTVLNEFEELTADAEKNISGGRRSRKNGIGYAIGYAFGAVERAVLGGSRDYNK,1,0.91329,0.980756,0.995809,0.999992,0.942021,1,阳性
BAGEL4_174.2_Plantaricin_N,MKSLDKIAGLGIEMAEKDLTTVEGGKNYSKTWWYKSLTLLGKVAEGTSSAWHGLG,1,0.830741,0.972876,0.995174,0.999996,0.966522,1,阳性
BAGEL4_175.2_Plantaricin_NC8-alpha,MDKFEKISTSNLEKISGGDLTTKLWSSWGYYLGKKARWNLKHPYVQF,1,0.880125,0.983502,0.996581,0.995717,0.73538,1,阳性
BAGEL4_176.2_Plantaricin_NC8-beta,MNNLNKFSTLGKSSLSQIEGGSVPTSVYTLGIKILWSAYKHRKTIEKSFNKGFYH,1,0.859169,0.985253,0.99638,0.999835,0.833939,1,阳性
BAGEL4_177.2_Plantaricin_S_alpha_chain_{N-terminal},XNKLAYNMGWYAGXATIFGLAAXALL,1,0.876035,0.985667,0.99653,0.987933,0.673237,1,阳性
BAGEL4_179.2_Plantaricin_S_beta_chain_{N-terminal},KKKKQSWYAAAGDAIVSFGEGFLN,1,0.949887,0.993779,0.997475,1.0,0.996002,1,阳性
BAGEL4_18.2_bacteriocin_like_peptide_associated,MIKFAEEIQKEELFHIIGGYSATDCKNHLIGGITSGAIAGGVGAGMATLGVGGVAGAFAGAHVGAIAGGLTCVGGMLFNGK,1,0.820134,0.944898,0.994116,0.999483,0.869124,1,阳性
BAGEL4_180.2_Plantaricin_S-alpha,MNNALSFEQQFTDFSTLSDSELESVEGGRNKLAYNMGHYAGKATIFGLAAWALLA,1,0.886282,0.983623,0.996512,1.0,0.997663,1,阳性
BAGEL4_181.2_Plantaricin_S-beta,MDKIIKFQGISDDQLNAVIGGKKKKQSWYAAAGDAIVSFGEGFLNAW,1,0.91943,0.979319,0.99636,0.999979,0.919212,1,阳性
BAGEL4_182.2_Plantaricin_SA6,VYPFPGPIXMANLVLTXLSHLHRSTVXFS,1,0.393678,0.940373,0.994892,0.08427,0.155129,0,阴性
BAGEL4_185.2_PlnK_(putative),MKIKLTVLNEFEELTADAEKNISGNRRSRKNGIGYAIGYAFGAVERAVLGGSRDYNK,1,0.919567,0.982242,0.996033,0.999974,0.91361,1,阳性
BAGEL4_186.2_Propionicin_SM1,MNKTHKMATLVIAAILAAGMTAPTAYADSPGNTRITASEQSVLTQILGHKPTQTEYNRYVETYGSVPTEADINAYIEASESEGSSSQTAAHDDSTSPGTSTEIYTQAAPARFSMFFLSGTWITRSGVVSLSLKPRKGGIGNEGDERTWKTVYDKFHNAGQWTRYKNNGVDASMKKQYMCHFKYGMVKTPWNLEPHKKAADVSPVKCN,1,0.948977,0.984916,0.992781,0.000997,0.113456,0,阴性
BAGEL4_187.2_Propionicin_T1,MKKTLLRSGTIALATAAAFGASLAAAPSAMAVPGGCTYTRSNRDVIGTCKTGSGQFRIRLDCNNAPDKTSVWAKPKVMVSVHCLVGQPRSISFETK,1,0.943748,0.991304,0.99535,0.999904,0.92101,1,阳性
BAGEL4_188.2_Propionicin-F,MNTKAVNLKSENTTKLVSYLTENQLDEFIRRIRIDGALVEEVSQNAKQALDNTGLNGWINTDCDEGLLSDFISKIASARWIPLAESIRPAVTDRDKYRVSCWFYQGMNIAIYANIGGVANIIGYTEAAVATLLGAVVAVAPVVPGTPTPPKDKSSQYKEVPLAVRLSETYHEEGVRGLFDELNYSESRMISTLRRASTDGVLINSWNDGQDTILLKKYNFQDLQLTVRSRIVGNQTIIEECKITDGRKTLSDETV,1,0.776771,0.897491,0.978982,0.759071,0.459969,0,阴性
BAGEL4_189.2_protease-activatedantimicrobialprotein(PAMP),MRIPVTITTMLVGTMVALTSFLPSASATSSPDADRATADTATQLAQTTDSGPHRVSPKTETVSPGTYLIKYSLDSGHRTVKLDLRIGTDYSLSTTQHPSALALKNRSGMTIDTVDLSNLAANRGIVFTSLSWKLVNSREATLTISENQVQSTSDSSNIDARRARAPHKAWYNCMTDAGISGAIAGAVAGCAATIEIGCVEGAIAGIGPSGIASMIAALWTCRSKY,1,0.763981,0.963297,0.985012,1.0,0.996408,1,阳性
BAGEL4_19.2_bacteriocin_likepeptide_associated,MTTMKELTINDMASISGGNAPGDAVIGGLGGLASGLKFCKLPHPVLTGGCVVGFTVGGAYLGYTAN,1,0.859226,0.980793,0.995646,3.3e-05,0.052491,0,阴性
BAGEL4_190.2_putative_bacteriocin,MTKFENTTSLQALTEQELENTAGGIAPFLIGAGIVAGLGGGFFGGYALARIFG,1,0.820773,0.970005,0.995195,0.999999,0.987816,1,阳性
BAGEL4_191.2_putative_bacteriocin,MQRDKFKNYEKKLFDMEIKKLETFHQMTIEKLAKVEGGKNNWQANVSGVIAAGSAGAAIGFPVCGVACGYIGAKTAITLWAGVTGATGGF,1,0.876541,0.968779,0.994656,1.0,0.99626,1,阳性
BAGEL4_192.2_putative_bacteriocin,MQRDKFKNYEKKLFDMEIKKLETFHQMTIEKLAKVEGGKNNWQANVSGVIAAGSAGAAIGFPVCGVAWS,1,0.910573,0.980909,0.996096,0.999773,0.816694,1,阳性
BAGEL4_193.2_putative_bacteriocin,MKKKFVSSCIASTILFGTLLGVTYKAEAATVHVAGGVWSHGIGKHYVWSHYSHNKRNHGSTAVGKYSSFSGVARPGVQSKASAPKAWGGNKTFYSLH,1,0.976482,0.993836,0.996657,0.008989,0.13479,0,阴性
BAGEL4_194.2_putative_bacteriocin,MKKKFVSSCIASTILFGTLLGVTYKAEAATVHVAGGVWSHGIGKHYVWSYYSHNKRNHGSTAVGKYSSFSGVARPGVQSKASAPKAWGGNKTFYSLH,1,0.977432,0.994028,0.996661,5.7e-05,0.07682,0,阴性
BAGEL4_195.2_putative_bacteriocin,MQQDKFKNYEKKLFDMEIKKLETFHQMTIEKLAKVEGGKNNWQANVSGVIAAGSAGAAIGFPVCGVACGYIGAKTAITLWAGVTGATGGF,1,0.879425,0.969299,0.994719,1.0,0.996475,1,阳性
BAGEL4_196.2_putative_bacteriocin,MNTKMMEQFETMDAETLSHVTGGGLYDGANGYAYRDSQGHWAYKVTKTPAQALTDVVVNSWASGAASFAAYA,1,0.803724,0.95227,0.992386,0.999973,0.92971,1,阳性
BAGEL4_197.2_putative_bacteriocin,MILFFMIFCTSSRLQRDKFKNYEKKLFDMEIKKLETFHQMTIEKLAKVEGGKNNWQANVSGVIAAGSAGAAIGFPVCGVACGYIGAKTAITLWAGVTGATGGF,1,0.776976,0.948412,0.992319,0.007456,0.191394,0,阴性
BAGEL4_198.2_putative_bacteriocin,MMIFKKLSEKELQKISGGVGIQKCSLGFSSREYLNKITKWIKHH,1,0.931644,0.9879,0.997297,0.999993,0.950616,1,阳性
BAGEL4_199.2_putative_bacteriocin,KYYGNGVTCGKHSCSVDXGKATTCIINNGAMAXATGGHQGNHKC,1,0.684061,0.961065,0.98919,1.0,0.996637,1,阳性
BAGEL4_2.2_AcdB_acidocin_B,MDKKTKILFEVLYIICIIGPQFILFVTAKNNMYQLVGSFVGIVWFSYIFWYIFFKQHKKM,1,0.987052,0.995244,0.997803,0.999579,0.95,1,阳性
BAGEL4_20.2_bacteriocin_LS2chaina,ECELAKVDGGYTPKNCAMAVGGGMLSGAIRGGMSGTVFGVGTGNLAGAFAGAHIGLVAGGLACIGGYLGSH,1,0.88454,0.973424,0.994124,1.0,0.994933,1,阳性
BAGEL4_200.2_putative_bacteriocin,TSYGNGVHCNKSKCWIDVSELETYKAGTVSNPKDILWSLKE,1,0.8199,0.97968,0.995486,0.99999,0.934235,1,阳性
BAGEL4_201.2_Rhamnosin_A,AVPAVRKTNETLD,1,0.835112,0.990543,0.99727,1.0,0.985006,1,阳性
BAGEL4_202.2_Sakacin_5XSakX,MEAIKKLDLQAMKGIVGGKYYGNGLSCNKSGCSVDWSKAISIIGNNAVANLTTGGAAGWKS,1,0.898727,0.973323,0.995351,0.999997,0.972045,1,阳性
BAGEL4_203.2_sakacin_A,MNNVKELSMTELQTITGGARSYGNGVYCNNKKCWVNRGEATQSIIGGMISGWASGLAGM,1,0.871429,0.980119,0.995896,1.0,0.991313,1,阳性
BAGEL4_204.2_sakacin_G_skgA1,MKNTRSLTIQEIKSITGGKYYGNGVSCNSHGCSVNWGQAWTCGVNHLANGGHGVC,1,0.861589,0.981813,0.995784,1.0,0.995935,1,阳性
BAGEL4_205.2_sakacin_G_skgA2,MKNAKSLTIQEMKSITGGKYYGNGVSCNSHGCSVNWGQAWTCGVNHLANGGHGVC,1,0.882133,0.980599,0.995807,1.0,0.995849,1,阳性
BAGEL4_206.2_Sakacin_P,MEKFIELSLKEVTAITGGKYYGNGVHCGKYSCTVDWGTAIGNIGNNAAANWATGGNAGWNK,1,0.899259,0.973639,0.995048,1.0,0.994095,1,阳性
BAGEL4_207.2_Sakacin_P_(Sakacin674),MEKFIELSLKEVTAITGGKYYGNGVHCGKHSCTVDWGTAIGNIGNNAAANWATGGNAGWNK,1,0.897885,0.972001,0.994942,1.0,0.992491,1,阳性
BAGEL4_208.2_Sakacin_Q,MQNTKELSVVELQQILGGKRASFGKCVVGAWGAGAAGLGAGVSGGLWGMAAGGIGRELAYMGANGCL,1,0.869934,0.979371,0.995596,0.999579,0.741144,1,阳性
BAGEL4_209.2_Sakacin_Q,MQNTKELSVVELQQILGGKRASFGKCVVGAAGLGAGVSGGLWGMAAGGIGGELAYMGANGCL,1,0.862104,0.979871,0.995978,0.999941,0.893486,1,阳性
BAGEL4_21.2_bacteriocin_LS2chainb,MSYEKLNNEELSKILGGNGINWGAVAGSCASGAVIGAAFGNPLTGCVANSAFSFSWQAFKNRPRPKKIA,1,0.900221,0.958023,0.995144,0.996047,0.632303,1,阳性
BAGEL4_210.2_SakT_alpha,MKNVQSLSKEELVLVVGGYTAKQCLQAIGSWGIAGTGAGAAGGPAGAFVGAHVGVIAGSAVCIGGFLGQ,1,0.890448,0.973135,0.995299,1.0,0.99408,1,阳性
BAGEL4_211.2_SakT_beta,MKTANIKLLTNQEMIEIFGGKTNWGSVVGSCVAGGLVGALGGTPISIGAGCLVGAGQDWISQK,1,0.860082,0.970713,0.995533,0.999979,0.923318,1,阳性
BAGEL4_213.2_salivaricin_P_chain_b,MKNLDKRFTIMTEDNLASVNGGKNGYGGSGNRWVHCGAGIVGGALIGAIGGPWSAVAGGISGGFASCH,1,0.666696,0.961603,0.99433,0.999989,0.971424,1,阳性
BAGEL4_214.2_Serracin-P,DYHHGVRVL,1,0.939149,0.988903,0.998203,1.0,0.998559,1,阳性
BAGEL4_215.2_Subpeptin_JM4-B,XXKEIXHIFHDN,1,0.896668,0.989394,0.998244,0.999795,0.987429,1,阳性
BAGEL4_216.2_Subtilosin_(SboX),MKLPVQQVYSVYGGKDLPKGHSHSTMPFLSKLQFLTKIYLLDIHTQPFFI,1,0.737076,0.979489,0.996336,0.996961,0.837642,1,阳性
BAGEL4_217.2_Thermophilin_13_ChainA(ThmA),MNTITICKFDVLDAELLSTVEGGYSGKDCLKDMGGYALAGAGSGALWGAPAGGVGALPGAFVGAHVGAIAGGFACMGGMIGNKFN,1,0.759337,0.937037,0.992329,0.999994,0.982643,1,阳性
BAGEL4_218.2_Thermophilin_13_chainB_(ThmB),MKQYNGFEVLHELDLANVTGGQINWGSVVGHCIGGAIIGGAFSGGAAAGVGCLVGSGKAIINGL,1,0.852895,0.963869,0.994888,0.99977,0.73968,1,阳性
BAGEL4_220.2_Thuricin-S,DWTAWSALVAAACSVELL,1,0.749574,0.974374,0.995752,1.0,0.994256,1,阳性
BAGEL4_221.2_Trifolitoxin,MDNKVAKNVEVKKGSIKATFKAAVLKSKTKVDIGGSRQGCVA,1,0.855613,0.983754,0.996259,0.998773,0.737978,1,阳性
BAGEL4_222.2_ubericin-A,MNTIEKFENIKLFSLKKIIGGKTVNYGNGLYCNQKKCWVNWSETATTIVNNSIMNGLTGGNAGWHSGGRA,1,0.872212,0.972667,0.995447,1.0,0.993455,1,阳性
BAGEL4_223.2_UviB,MEEQIFNSMIQQGAFAALFVWMLFTTQKKNEQREEQYQKVIEKNQQVIEEQAKAFSSLSKDLSDVKQKILGNGDEK,1,0.965366,0.9847,0.996432,0.999956,0.946527,1,阳性
BAGEL4_224.2_UviB,MEEQIFNSMIQQGAFAALFVWMLFTTQKKNEQREEQYQKVIEKNQDVITKQAEAFGDLSKDVSEIKQKILGSGDVQ,1,0.960735,0.982761,0.996254,0.181875,0.214304,0,阴性
BAGEL4_225.2_UviB,MDSELFKLMATQGAFAILFSYLLFYVLKENSKREDKYQNIIEELTELLPKIKEDVEDIKEKLNK,1,0.982422,0.988662,0.997655,0.999999,0.995432,1,阳性
BAGEL4_226.2_warnericin_RC,MQFITDLIKKAVDFFKGLFGNK,1,0.849547,0.984392,0.997267,0.999993,0.977911,1,阳性
BAGEL4_227.2_Weisselin_A,KNYGNGVYCNKHKCSVDWATFSANIANNSVAMAGLTGGNAGNK,1,0.838533,0.975308,0.994293,1.0,0.993281,1,阳性
BAGEL4_228.2_Weissellicin_M,MVSAAKVALKVGWGLVKKYYTKVMQFIG,1,0.933851,0.990843,0.997055,0.997671,0.761392,1,阳性
BAGEL4_229.2_Weissellicin_Y,MANIVLRVGSVAYNYAPKIFKWIGEGVSYNQIIKW,1,0.909266,0.982731,0.996668,8.8e-05,0.083264,0,阴性
BAGEL4_23.2_Bavaricin_A,KYYGNGVHXGKHSXTVDWGTAIGNIGNNAAANXATGXNAGG,1,0.580576,0.942629,0.986886,0.999999,0.992591,1,阳性
BAGEL4_230.2_Pentocin,MVLNLKERLQLNRIEAVVLVALFAAVLLFATVNIVWLANKFGVHLTNHLTNSILNAVSNGSSLGSAFAVIAGVTLPGWAVAAVGALGATAA,1,0.894828,0.949202,0.990879,0.997165,0.863043,1,阳性
BAGEL4_231.2_BlpD,MATQTIENFNTLDLETLASVEGGLSCDEGMLAVGGLGAVGGPWGAVGGVLVGAALYCF,1,0.762921,0.953356,0.994815,0.00717,0.106382,0,阴性
BAGEL4_24.2_Bavaricin_MN,TKYYGNGVYCNSKKCWVDWGQAAGGIGQTVVXGWLGGAIPGK,1,0.907754,0.980972,0.994709,1.0,0.994836,1,阳性
BAGEL4_25.2_BhtB,MWGRILAFVAKYGTKAVQWAWKNKWFLLSLGEAVFDYIRSIWGG,1,0.965551,0.987315,0.996855,0.999988,0.937709,1,阳性
BAGEL4_26.2_BlpI,MNTKMMEQFSVMDNEELEIVSGGRGNLGSAIGGCIGAVLLAAATGPITGGAATLICVGSGIMSSL,1,0.71996,0.958351,0.994524,0.999737,0.827063,1,阳性
BAGEL4_27.2_BlpJ,MNTKMLSQLEVMDTEMLAKVEGGYSSTDCQNALITGVTTGIITGGTGAGLATLGVAGLAGAFVGAHIGAIGGGLTCLGGMVGDKLGLSW,1,0.782693,0.9391,0.992579,0.000353,0.082401,0,阴性
BAGEL4_28.2_BlpK,MDTKMMSQFSVMDTEMLACVEGGGCNWGDFAKAGVGGGAARGLQLGIKTGTWQGAATGAAGGAILGGVAYAATCWW,1,0.71586,0.939903,0.99189,1.0,0.997419,1,阳性
BAGEL4_29.2_BlpK,MATQTIENFNTLDLETLASVEGGGCSWRGAGGATVQGAIGGAFGGNVVLPVVGSVPGYLAGGVLGGAGGTVAYGATCWWS,1,0.6999,0.942858,0.992024,1.0,0.997789,1,阳性
BAGEL4_3.2_Acidocin_8912,MISSHQKTLTDKELALISGGKTHYPTNAWKSLWKGFWESLRYTDGF,1,0.851379,0.976325,0.995852,0.971058,0.553487,1,阳性
BAGEL4_30.2_BlpM,MDTKIMEQFHEMDITMLSSIEGGKNNWQTNVLEGGGAAFGGWGLGTAICAASGVGAPFMGACGYIGAKFGVDLWAGVTGATGGF,1,0.68139,0.915974,0.991301,0.999997,0.988464,1,阳性
BAGEL4_31.2_BlpM,MDTKMMEQFHEMDIAMLSSIEGGKNNWQTNVFEGGSAAFGGWGLGTAICAASGVGAPFMGACGYIGAKFGVALWAGVTGATGGF,1,0.666971,0.907799,0.990104,0.99999,0.981044,1,阳性
BAGEL4_32.2_BlpM,MNTKMMEQFHEMDIAMLSSIEGGKNNWQTNVFEGGSAAFGGWGLGTAICAASGVGAPFMGACGYIGAKFGVALWAGVTGATGGF,1,0.686615,0.920006,0.990819,0.999999,0.992587,1,阳性
BAGEL4_33.2_BlpM,MDTKIMEQFHEMDITMLSSIEGGKNNWQTNVLEGGGAAFGGWGLGTAICAASGVGAPFMGACGYIGAKFGVALWAGVTGATGGF,1,0.697676,0.919329,0.991609,0.999998,0.984944,1,阳性
BAGEL4_34.2_BlpN,MNTYCNINETMLSEVYGGNSGGAAVVAALGCAAGGVKYGRLLGPWGAAIGGIGGAVVCGYLAYTATS,1,0.840793,0.978207,0.9952,1.0,0.995289,1,阳性
BAGEL4_35.2_BlpN,MNTYCNINETMLSEVYGGNSGGAAVVAALGCAAGGVKYGRLLGLWGAAIGGIGGAVVCGYLAYTATS,1,0.841702,0.976933,0.9951,1.0,0.996117,1,阳性
BAGEL4_36.2_BlpN,MNTYCNINETMLSEVYGGNSGGAAVVAALGCAAGGVKYGKILGPWGAAIGGIGGAVVCGYLAYTATS,1,0.855835,0.980819,0.995476,1.0,0.994556,1,阳性
BAGEL4_37.2_BlpN,MNTYCNINETMLSEVYGGNSGGAAVVAALGCAAGGVKYRRLLGPWGAAIGGIGGAVVCGYLAYTATS,1,0.838836,0.977442,0.995117,1.0,0.995035,1,阳性
BAGEL4_38.2_BlpO,MDTKMMSQFAVMDNEMLACVEGGDIDWGRKISCAAGVAYGAIDGCATTV,1,0.704424,0.918086,0.991834,0.999992,0.984589,1,阳性
BAGEL4_39.2_BlpU,MNTKTMSQFEIMDTEMLACVEGGGCNWGDFAKAGVGGGAARGLQLGIKTRTWQGAATGAVGGAILGGVAYAATCWW,1,0.815297,0.960992,0.994116,1.0,0.994713,1,阳性
BAGEL4_4.2_Acidocin_8912_N-terminal,KTHYPTNAXKSLRKGFXESLRXTD,1,0.751874,0.990434,0.996882,0.457553,0.572612,1,阳性
BAGEL4_40.2_BlpU,MATQTIENFNTLDLETLASVEGGGCSWGGFAKQGVATGVGNGLRLGIKTRTWQGAVAGAAGGAIVGGVGYGATCWW,1,0.856512,0.966187,0.994696,0.999999,0.990119,1,阳性
BAGEL4_41.2_Boticin_B,MQKPEIISADLGLCAVNEFVALAAIPGGAATFAVCQMPNLDEIVSNAAYV,1,0.440319,0.840736,0.985639,1e-06,0.0113,0,阴性
BAGEL4_42.2_Bovicin_255_peptide,MNTKTFEQFDVMTDEALSTVEGGGKGYCKPVYYAANGYSCRYSNGEWGYVVTKGAFQATTDVIANGWVSSLGGGYFGKP,1,0.772134,0.944386,0.991052,0.999999,0.991629,1,阳性
BAGEL4_43.2_Bovicin_255_variant,EQFDVMTEAELSTVEGGGKGYCKPVYYAANGYSCRYSNGEWGYVVTKGAFQATTDVIANGWVSSLGGGY,1,0.683917,0.910599,0.986571,1.0,0.998126,1,阳性
BAGEL4_44.2_Bovicin_255_variant,EQFDVMTEAELSTVEGGGKGYCKPVYYAANGYSCRYSSGEWGYVVTKGTFQATTDVIATGWVSSLGGGY,1,0.63626,0.906687,0.985255,1.0,0.99789,1,阳性
BAGEL4_45.2_Brochocin_C_BrcA,MHKVKKLNNQELQQIVGGYSSKDCLKDIGKGIGAGTVAGAAGGGLAAGLGAIPGAFVGAHFGVIGGSAACIGGLLGN,1,0.914838,0.977715,0.995849,1.0,0.992325,1,阳性
BAGEL4_46.2_Brochocin_C_BrcB,MKKELLNKNEMSRIIGGKINWGNVGGSCVGGAVIGGALGGLGGAGGGCITGAIGSIWDQW,1,0.928676,0.982077,0.996907,0.999996,0.898561,1,阳性
BAGEL4_47.2_BTL_(N-terminus),KQQLATEAESAGPIL,1,0.796113,0.983616,0.997358,1.0,0.997925,1,阳性
BAGEL4_48.2_Carno_bacteriocin_A_(Piscicolin61),MNNVKELSIKEMQQVTGGDQMSDGVNYGKGSSLSKGGAKCGLGIVGGLATIPSGPLGWLAGAAGVINSCMK,1,0.848267,0.971843,0.995544,0.828748,0.42399,0,阴性
BAGEL4_49.2_Carnobacteriocin_B2_(CarnocinCP52),MNSVKELNVKEMKQLHGGVNYGNGVSCSKTKCSVNWGQAFQERYTAGINSFVSGVASGAGSIGRRP,1,0.82511,0.966543,0.994646,0.999997,0.981952,1,阳性
BAGEL4_5.2_Acidocin_J1132_alpha_peptide_N-terminal,NPKVAHCASQIGRSTAWGAVSGA,1,0.681258,0.953529,0.99543,1.0,0.985809,1,阳性
BAGEL4_50.2_Carnobacteriocin_BM1_(CarnobacteriocinB1),MKSVKELNKKEMQQINGGAISYGNGVYCNKEKCWVNKAENKQAITGIVIGGWASSLAGMGH,1,0.908739,0.978624,0.995949,1.0,0.991266,1,阳性
BAGEL4_51.2_Carnocin_CP52,MDIKSQTLYLNLSEAYKDPEVKANEFLSKLVVQCAGKLTASNSENSYIEVISLLSRGISSYYLSHKRIIPSSMLTIYTQIQKDIKNGNIDTEKLRKYEIAKGLMSVPYIY,1,0.906619,0.981263,0.995351,0.989911,0.572449,1,阳性
BAGEL4_52.2_cerein_7B,MENLQMLTEEELMEIEGGGWWNSWGKCVAGTIGGAGTGGLGGAAAGSAVPVIGTGIGGAIGGVSGGLTGAATFC,1,0.74825,0.961986,0.99521,0.999876,0.913816,1,阳性
BAGEL4_53.2_Coagulin_CoaA,MKKIEKLTEKEMANIIGGKYYGNGVTCGKHSCSVDWGKATTCIINNGAMAWATGGHQGTHKC,1,0.904927,0.975612,0.995218,1.0,0.99347,1,阳性
BAGEL4_55.2_Colicin_V,MRELTLTEIDNVSGADLGSRLSAAIVGGVAAFFAGSIWGGTRGGDGGGILGVGSIGQGVGMVYGGIAGAIGGAIAGFVLDKDVIYSYTNGFMSSIFNGTFAK,1,0.82177,0.948525,0.992736,0.995304,0.810872,1,阳性
BAGEL4_56.2_Colicin_V,MRELTSIEMNNVSGGDLATRIEASIVFGVSAFFAGSIWGGTRGGDGGGILGVGSIAQGVGMVYGGIVGGIGGLIAGFVLDKNVTYNYAVGFYNSLFNGTFTK,1,0.836507,0.956799,0.992913,0.968586,0.684994,1,阳性
BAGEL4_58.2_Curvalicin-28a,TPVVNPPFLQQT,1,0.402072,0.975224,0.997231,1.0,0.998221,1,阳性
BAGEL4_59.2_Curvalicin-28b,VAPFPEQFLX,1,0.403509,0.974726,0.996978,0.999997,0.991448,1,阳性
BAGEL4_6.2_Acidocin_J1132_beta_peptide_N-terminal,GNPKVAHCASQIGRSTAWGAVSGA,1,0.627486,0.947765,0.99506,1.0,0.985643,1,阳性
BAGEL4_60.2_Curvalicin-28c,NIPQLTPTP,1,0.600853,0.985967,0.997859,0.999957,0.993294,1,阳性
BAGEL4_61.2_Curvaticin,AYPGNGVHCGKYSCTVDKQTAIGNIGNNAA,1,0.794382,0.969738,0.994221,1.0,0.994478,1,阳性
BAGEL4_62.2_curvaticin_FS47,YTAKQCLQAIGSCGIAGTGAGAAGGPAGAFVGAXVVXI,1,0.751832,0.960467,0.993038,1.0,0.994744,1,阳性
BAGEL4_64.2_Delta-lysinI,MAADIISTIGDLVKLIINTVKKFQK,1,0.965306,0.993137,0.997846,0.651748,0.770304,1,阳性
BAGEL4_65.2_Divercin_RV41(mature),MDPTKYYGNGVYCNSKKCWVDWGQASGCIGQTVVGGWLGGAIPGKC,1,0.758284,0.959836,0.992902,1.0,0.995156,1,阳性
BAGEL4_66.2_Divercin_V41_(DvnV41),MKNLKEGSYTAVNTDELKSINGGTKYYGNGVYCNSKKCWVDWGQASGCIGQTVVGGWLGGAIPGKC,1,0.885065,0.979063,0.994832,1.0,0.996063,1,阳性
BAGEL4_67.2_Divergicin_750,MIKREKNRTISSLGYEEISNHKLQEIQGGKGILGKLGVVQAGVDFVSGVWAGIKQSAKDHPNA,1,0.867399,0.974489,0.995578,0.999943,0.910134,1,阳性
BAGEL4_68.2_Divergicin_A,MKKQILKGLVIVVCLSGATFFSTPQQASAAAPKITQKQKNCVNGQLGGMLAGALGGPGGVVLGGIGGAIAGGCFN,1,0.972051,0.99625,0.99756,0.000184,0.291529,0,阴性
BAGEL4_69.2_Divergicin_M35,MKIKWYWESLIETLIFIIVLLVFFYRSSGFSLKNLVLGSLFYLIAIGLFNYKKINK,1,0.984108,0.993798,0.997854,0.959594,0.691861,1,阳性
BAGEL4_7.2_Acidocin_LF221B(GassericinK7B),MALKTLEKHELRNVMGGNKWGNAVIGAATGATRGVSWCRGFGPWGMTACALGGAAIGGYLGYKSN,1,0.916136,0.978534,0.995439,1.0,0.995455,1,阳性
BAGEL4_70.2_Divergicin_M35,TKYYGNGVYCNSKKCWVDWGTAQGCIDVVIGQLGGGIPGKGKC,1,0.904145,0.979307,0.994592,1.0,0.99466,1,阳性
BAGEL4_72.2_Durancin_Q,MQTIKELNTMELQEIIGGENDHRMPYELNRPNNLSKGGAKCAAGILGAGLGAVGGGPGGFISAGISAVLGCM,1,0.807835,0.962454,0.995006,0.999995,0.978428,1,阳性
BAGEL4_73.2_Durancin_TW-49M,MQTIKELNTMELQKIIGGENDHRMPYELNRPNNLSKGGAKCAAGILGAGLGAVGGGPGGFISAGISAVLGCM,1,0.816247,0.966734,0.99511,1.0,0.99451,1,阳性
BAGEL4_74.2_E50-52,TTKNYGNGVCNSVNWCQCGNVWASCNLATGCAAWLCKLA,1,0.783498,0.976811,0.992548,1.0,0.998039,1,阳性
BAGEL4_75.2_Eenterocin_P-like,ATRSYDNGIYCNNSKCWVNWGEAKENIAGIVISGWASGLAGMGH,1,0.835411,0.968372,0.99412,1.0,0.99647,1,阳性
BAGEL4_76.2_EJ97enterocin,MLAKIKAMIKKFPNPYTLAAKLTTYEINWYKQQYGRYPWERPVA,1,0.933774,0.987362,0.996675,0.999877,0.846652,1,阳性
BAGEL4_77.2_EntA,MKHLKILSIKQTQLIYGGTTHSGKYYGNGVYCTKNKCTVDWAKATTCIAGMSIGGFLGGAIPGKC,1,0.915132,0.986026,0.996123,1.0,0.993948,1,阳性
BAGEL4_78.2_Enterocin_1071A,MKQYKVLNEKEMKKTIGGESVFSKIGNAVGPAAYWILKGLGNMSDVNQADRINRKKH,1,0.949554,0.982234,0.996236,1.0,0.997691,1,阳性
BAGEL4_79.2_Enterocin_1071A,MKQYKVLNEKEMKKPIGGESVFSKIGNAVGPAAYWILKGLGNMSDVNQADRINRKKH,1,0.934598,0.980051,0.996054,0.99993,0.882184,1,阳性
BAGEL4_8.2_AcidocinA,MISMISSHQKTLTDKELALISGGKTYYGTNGVHCTKKSLWGKVRLKNVIPGTLCRKQSLPIKQDLKILLGWATGAFGKTFH,1,0.7319,0.961883,0.994029,1.0,0.995129,1,阳性
BAGEL4_80.2_Enterocin_1071B,MKNIKNASNIKVIEDNELKAITGGGPGKWLPWLQPAYDFVTGLAKGIGKEGNKNKWKNV,1,0.914864,0.981028,0.995847,0.039423,0.183518,0,阴性
BAGEL4_81.2_Enterocin_A,MKHLKILSIKETQLIYGGTTHSGKYYGNGVYCTKNKCTVDWAKATTCIAGMSIGGFLGGAIPGKC,1,0.91096,0.984844,0.996038,1.0,0.992628,1,阳性
BAGEL4_82.2_Enterocin_B,MQNVKELSTKEMKQIIGGENDHRMPNELNRPNNLSKGGAKCGAAIAGGLFGIPKGPLAWAAGLANVYSKCN,1,0.825702,0.964101,0.99509,0.97638,0.632991,1,阳性
BAGEL4_83.2_Enterocin_CRL35,MKKLTSKEMAQVVGGKYYGNGVSCNKKGCSVDWGKAIGIIGNNSAANLATGGAAGWKS,1,0.892773,0.978788,0.995372,1.0,0.994014,1,阳性
BAGEL4_84.2_Enterocin_CRL35_(pediocin-like)_{N-terminal},KYYGNGVTLNKXGXSVNXXXA,1,0.827486,0.987053,0.997071,1.0,0.996263,1,阳性
BAGEL4_85.2_Enterocin_E-760,NRWYCNSAAGGVGGAAVCGLAGYVGEAKENIAGEVRKGWGMAGGFTHNKACKSFPGSGWASG,1,0.865479,0.973453,0.993804,0.999992,0.973347,1,阳性
BAGEL4_86.2_Enterocin_L50a,MGAIAKLVAKFGWPIVKKYYKQIMQFIGEGWAINKIIEWIKKHI,1,0.986332,0.990993,0.997583,0.99989,0.945241,1,阳性
BAGEL4_87.2_Enterocin_L50b,MGAIAKLVTKFGWPLIKKFYKQIMQFIGQGWTIDQIEKWLKRH,1,0.952456,0.986686,0.996873,0.736339,0.469791,0,阴性
BAGEL4_88.2_Enterocin_NKR-5-3A,MQKFQKLNEQEMKQLMGGYSSKDCLKDIGKGIGAGTVAGAAGGGLAAGLGAIPGAFVGAHFGVIGGSAACIGGLLGN,1,0.86224,0.96144,0.995024,0.999996,0.973689,1,阳性
BAGEL4_89.2_Enterocin_NKR-5-3D,MTNRKILPKEELKKIKGGTPGGIDFISGGPHVAQDVLNAIKNFFK,1,0.941465,0.9849,0.996699,1.0,0.996383,1,阳性
BAGEL4_9.2_AdDLP,VNPSYRLDPESRPQCEAHCGQLGMRLGAIVIMGTATGCVCEPKEAATPESR,1,0.531719,0.955597,0.991472,0.788197,0.69079,1,阳性
BAGEL4_90.2_Enterocin_NKR-5-3Z,MKKEILNQEEMLKVIGGKINWGSVGGSCVGGAVIGGALGGLGGAGGGCLTGAIGSIWDIQW,1,0.917753,0.980173,0.996662,0.998393,0.740557,1,阳性
BAGEL4_91.2_Enterocin_P,MRKKLFSLALIGIFGLVVTNFGTKVDAATRSYGNGVYCNNSKCWVNWGEAKENIAGIVISGWASGLAGMGH,1,0.983849,0.995729,0.997671,1.0,0.999073,1,阳性
BAGEL4_92.2_Enterocin_P-like,YDNGIYCNNSKCWVNWGEAKENIAGIVISGWASGLAGMGH,1,0.867691,0.964005,0.995529,0.99999,0.95109,1,阳性
BAGEL4_93.2_Enterocin_Q,MNFLKNGIAKWMTGAELQAYKKKYGCLPWEKISC,1,0.897209,0.986877,0.997169,0.999195,0.827698,1,阳性
BAGEL4_94.2_Enterocin_RJ-11,APAGLVAKFGRPIVKKYYKQIMQFIGEGSAINKIIPWIARMWRT,1,0.938887,0.990817,0.996398,1.0,0.992613,1,阳性
BAGEL4_95.2_Enterocin_SE-K4,MKKKLVKGLVICGMIGIGFTALGTNVEAATYYGNGVYCNKQKCWVDWSRARSEIIDRGVKAYVNGFTKVLGGIGGR,1,0.991362,0.996956,0.99812,1.0,0.999005,1,阳性
BAGEL4_96.2_Enterocin_X_chain_alpha,MQNVKEVSVKEMKQIIGGSNDSLWYGVGQFMGKQANCITNHPVKHMIIPGYCLSKILG,1,0.887236,0.975446,0.995893,0.958507,0.523353,1,阳性
BAGEL4_97.2_Enterocin_X_chain_beta,MKKYNELSKKELLQIQGGIAPIIVAGLGYLVKDAWDHSDQIISGFKKGWNGGRRK,1,0.972127,0.98831,0.997087,1.0,0.997944,1,阳性
BAGEL4_98.2_Enterocin-HF,KYYGNGVSCNKKGCSVDWGKAIGIIGNNAAANLTTGGKAAWAC,1,0.884459,0.967509,0.991989,1.0,0.998765,1,阳性
BAGEL4_99.2_Enterocin-M,ATRSYGNGVYCNNSKCWNVGEAKENIAGIVISGKASGL,1,0.86497,0.977369,0.994727,0.999999,0.988366,1,阳性
seq_271455_from_file_1,MVEALLSGIVLGLIPITLAGLFVTAYLQYRRGDRLDL,0,0.854144,0.959802,0.995655,0.0,0.006615,0,阴性
seq_502579_from_file_1,MLLSLLFVFGSYLGIFNYSMANSFIACFRCSHCSQK,0,0.728186,0.956398,0.996451,0.0,0.007137,0,阴性
seq_300448_from_file_1,MAREHFPSLFNKKHLVVEDPPIKKIKRKAREDLKRRGFI,0,0.930576,0.991078,0.997543,0.001584,0.14603,0,阴性
seq_468737_from_file_1,MRALTFVLLGLGGLLFTDCSMSVRVEETQAHWCLHELHRALGDFFFPQAS,0,0.75701,0.963235,0.99518,0.0,0.010108,0,阴性
seq_383380_from_file_1,MMMIYLSKVVKHIGRISSPFTSMPNHSHEHSTFLHKRNAEGRKRRNT,0,0.760971,0.969481,0.99646,1e-06,0.011139,0,阴性
seq_375799_from_file_1,MSVPHDCGPIRNLCAFVEPFFLFTGGWFLFYVARIKHDIKSCITR,0,0.727382,0.970512,0.996078,3e-06,0.020573,0,阴性
seq_409526_from_file_1,MGTKPCSFVGSGVIIRPPKICISCFQCREIVM,0,0.482313,0.914785,0.99493,2e-06,0.024415,0,阴性
seq_340439_from_file_1,MHVFAVGNFIFTIESTRITLLKFNNAPLFKCSVQNFTITFYQITFT,0,0.729174,0.969258,0.995869,0.0,0.008379,0,阴性
seq_484424_from_file_1,MTSLSIIVSTKLKCDTSVHKYGVLHGVGCFRYT,0,0.739959,0.973673,0.996942,1e-06,0.022629,0,阴性
seq_466413_from_file_1,MNVLANHQTTHKDELADHQINKPVHTNELAKELSLSHSEKKQNKQPKLN,0,0.857365,0.985923,0.997023,0.00022,0.069391,0,阴性
seq_471007_from_file_1,MLGALLFRTWYPARWYHAGRSNGGRGRLVVQHVFLRDAEWCVCR,0,0.515734,0.921484,0.992767,0.0,0.010296,0,阴性
seq_536927_from_file_1,MVLQLLPVNLIAGLWRNIECRCTLWTQKERFLIFYG,0,0.707734,0.968907,0.996682,0.351654,0.422119,0,阴性
seq_448170_from_file_1,MWKNVSMEEKDMYERKALADKERYAEEMRDYKTAITKIPGLEHLEDEHHM,0,0.571318,0.943579,0.992433,0.0,0.017309,0,阴性
seq_525075_from_file_1,MLAQTNHCLLSGVTKFLTQNGELQLMLTLVV,0,0.608493,0.974393,0.996655,0.0,0.009032,0,阴性
seq_402415_from_file_1,MTVASSTKFLPLNTPFINGFQGSFLTRRFLAYGISTGL,0,0.564776,0.958877,0.994968,0.0,0.011542,0,阴性
seq_369826_from_file_1,MPISSATTPSMLNQEIQRRISNIAVVNHVGAKQVELKALQQPLEMH,0,0.579215,0.956658,0.994215,0.000433,0.069004,0,阴性
seq_357623_from_file_1,MKKLLSLALLAVAGYVIYQKIESSKAEQELWTQATSE,0,0.994528,0.996512,0.998543,0.006521,0.06783,0,阴性
seq_516612_from_file_1,MHHPLRRSEAATISVNKILWEAICQCQRCFFRSLI,0,0.760866,0.972425,0.996975,8.4e-05,0.074356,0,阴性
seq_350620_from_file_1,MTLLIKAKDIRKFELYWLRWGFLNRMYGKCCRF,0,0.879768,0.988541,0.997311,0.0,0.008643,0,阴性
seq_296664_from_file_1,MGFNFKIVPMGPFNEAAREAHEATRRLTVSIRTSPMVPC,0,0.616511,0.96467,0.994511,1e-06,0.018064,0,阴性
seq_312291_from_file_1,MRGNLCNVPTSAALPISTSFTWNQASLVQYLISAAVIKSSAPPIHAL,0,0.559082,0.950367,0.99415,0.0,0.014605,0,阴性
seq_356068_from_file_1,VSVQTRYILVLFSQYFCKTKDDSYCCAGSRG,0,0.906457,0.984874,0.997424,0.893356,0.595829,1,阳性
seq_348588_from_file_1,MPVIDGKVLTSVAGFSAFEKLPKRKRLKSLLRAKPPLK,0,0.595583,0.973568,0.995009,8.1e-05,0.087442,0,阴性
seq_355540_from_file_1,IAVGTDYWLYSRGVCRTKSLSDNDTSRKNEEVMTHSGLWRTCCLEGT,0,0.745899,0.958074,0.995367,0.12527,0.189076,0,阴性
seq_396940_from_file_1,MAMETNSQYTIHNYNMQLNQGSRYLLCYFHKTKVNKNEV,0,0.831885,0.982033,0.997206,1e-06,0.020036,0,阴性
seq_422900_from_file_1,MQKDEASRLCCNQMADGLIIPSRGLGSPKKPWPEHMQPNDELYHCERS,0,0.608575,0.949703,0.99556,1.9e-05,0.038201,0,阴性
seq_529067_from_file_1,MVHTSFRGSLVLCFCTSVLLQIIPLKNCSN,0,0.657167,0.958743,0.996948,4e-06,0.027844,0,阴性
seq_292703_from_file_1,MVIEQLINHLPFTEDEIIKRKEVLGLTRRHRQMRKFLSN,0,0.852376,0.983311,0.997083,9.9e-05,0.084245,0,阴性
seq_490045_from_file_1,MCDAEILGLQYINDQYFPGHFGQCSALHYSTNALKQLLPFFQVL,0,0.786527,0.967093,0.996147,2.8e-05,0.036035,0,阴性
seq_353764_from_file_1,VAEGESLDVVPDQATLAYDLPDVKPHQHLRGHQPVPHRFLKE,0,0.541884,0.934594,0.991385,0.00048,0.070887,0,阴性
seq_375538_from_file_1,NVYASIPVSETFSLKKTVKKSKRNSYSDAEIFLALENPADLAI,0,0.893405,0.982352,0.996428,0.924297,0.544628,1,阳性
seq_406688_from_file_1,MPIPVQPRPTAGTEHADASSFAVPLLTMATGPAIAAAHLQPPAYSSSPLL,0,0.145086,0.743964,0.971673,3.9e-05,0.014833,0,阴性
seq_504321_from_file_1,MPVCSYENAAHNYLPLRQDLRPKTFNMQYNI,0,0.736776,0.978644,0.997024,0.002726,0.173005,0,阴性
seq_365115_from_file_1,MATQMIDDAPKTGGKKSGIGDILKPLNSEYGKVPPGWGT,0,0.649435,0.971795,0.995362,1e-06,0.014461,0,阴性
seq_523468_from_file_1,MQHLQQAAQFTAAALQPPQESGGSKKPAHPLCSCPKVTELA,0,0.400007,0.926606,0.992956,0.870738,0.32357,0,阴性
seq_282656_from_file_1,TKTSELPNVDELRPYYQSLIDKYCPGVLQW,0,0.882795,0.988135,0.997051,0.982172,0.663004,1,阳性
seq_331680_from_file_1,MAPKACVTAKSRREAAVGQVETVCVVDLFGGLCRFGVSDPLRLDPGWRFD,0,0.420554,0.911101,0.989736,8e-06,0.032677,0,阴性
seq_408794_from_file_1,MPLDTGVCTLHLPWHDLINTLGILDYHSVVLLLRDD,0,0.360914,0.934781,0.994524,1e-06,0.009909,0,阴性
seq_480868_from_file_1,MYLASGERTSLMILRAPVFISTVAARPGAPREELVLRLHVRAVE,0,0.371802,0.917667,0.988252,0.0,0.012377,0,阴性
seq_395369_from_file_1,MWAFKILLVSYLAYFNLFRTKMLCYCCCCCHICGHRGRQVR,0,0.886409,0.984037,0.997066,0.992182,0.68888,1,阳性
seq_420797_from_file_1,MSFCFFCSCFNAQFHRYNCGRCNIMLNLQFLVAI,0,0.788651,0.948212,0.996666,0.0,0.004588,0,阴性
seq_501689_from_file_1,MTVWFQRRLIERGKRRTTGFFFDESNLRRCSRSLATVDLFL,0,0.572136,0.939709,0.995062,0.0,0.011784,0,阴性
seq_491565_from_file_1,MINGRRSERKRFTLYPDRKSWRAELRLSKDRGDRRTSDFFKKKFFLHFFQ,0,0.838576,0.981692,0.996887,3.3e-05,0.050425,0,阴性
seq_378922_from_file_1,MLRCVVPLSRMAAADTAQHKVAQPRWRRCGGLASGSTW,0,0.379644,0.919364,0.992835,0.0,0.004797,0,阴性
seq_457698_from_file_1,MNEYNNERTHTGKYCFGNTPLQTFLDAKYLAQEKMLDKLQLIEIVPAS,0,0.857982,0.985828,0.996601,0.0,0.003785,0,阴性
seq_473310_from_file_1,MNFLMRAIFSLLLLFTLSIPVISDCVAMAIESRFKYMMLLF,0,0.894997,0.98652,0.997095,0.0,0.005898,0,阴性
seq_255362_from_file_1,GSRDPKMQNSEISKRLGYQWKLLTEAEKRPFFEEAQRL,0,0.129254,0.796551,0.922106,0.0,0.011932,0,阴性
seq_512263_from_file_1,MCITYQIKHGPNVFLSCFCFVKPLFLMTNRHQNNSRRFGRSGV,0,0.800862,0.972114,0.996917,1e-06,0.010433,0,阴性
seq_519908_from_file_1,MQWFLHLQCCLNVVNHRVLNFSLKLFKSSLYTIRKLIRLA,0,0.76034,0.958107,0.996707,6.8e-05,0.06382,0,阴性
seq_316342_from_file_1,MSLIQSAKLNGHDPYAYLKDVLTRLPTQPNSRISELLPHRWTPAPASI,0,0.588137,0.957633,0.994306,4e-06,0.020259,0,阴性
seq_353512_from_file_1,RLVLTVEDVFSVAGPDLVLCVLVDKGSCHRGVAGHHMESTLGQHVKSPLQ,0,0.431876,0.892139,0.989094,6.3e-05,0.03953,0,阴性
seq_382012_from_file_1,MHWKLSDTCSVLLMEKERLGHFLIMAVQFNQVAQPLLVSFPC,0,0.595562,0.94689,0.996019,0.0,0.005543,0,阴性
seq_366068_from_file_1,MDVFWAESQHFNYLMGTLHQMSINENEKKTLSNAELLNVMSD,0,0.755796,0.969105,0.996365,0.00037,0.060133,0,阴性
seq_349108_from_file_1,MDEKRTEIELFTCSYGAFLLFFKLNPYFCVFCLFGYRLRK,0,0.939716,0.99326,0.998228,0.0,0.010671,0,阴性
seq_475888_from_file_1,MPLYYEGVGKKRQQVWESGLSYTAAKSRKAKIELEQANSEQHPPPQKKRI,0,0.709604,0.970802,0.994784,2e-06,0.030596,0,阴性
seq_432811_from_file_1,MNKCCPTICCNASILDGRSELISRAFLNYHLPEFATFCHLLIQISRS,0,0.590587,0.937336,0.995465,0.0,0.006053,0,阴性
seq_255256_from_file_1,LGIPCCPVHLKRLLIVVVVVVLVVVVIVGALLMGL,0,0.893984,0.984094,0.996778,0.0,0.003551,0,阴性
seq_510489_from_file_1,MVFCVCLSHWMTCKDVANTILVDLTHTLVYLAYP,0,0.616751,0.953466,0.995998,0.0,0.006358,0,阴性
seq_496980_from_file_1,MSQQAGKKKTSGAFHLRELNKTVLTKCQENNNTQGVVHSVC,0,0.87225,0.984484,0.997257,4e-06,0.020287,0,阴性
seq_511323_from_file_1,MCFWIFFVVCFAFFFESCPVRLFVPFFKFLI,0,0.523495,0.92676,0.995574,0.104567,0.142563,0,阴性
seq_383190_from_file_1,MQKLDLDMWLSIHTCMHKIQKFVVIVYFINCNIMVKSKR,0,0.840942,0.974525,0.997037,7e-06,0.067688,0,阴性
seq_544453_from_file_1,MNDGISVGHILSVLQRGGSDGAHHLINLLLNPFLDVRVLHH,0,0.699587,0.959951,0.995586,1.1e-05,0.028097,0,阴性
seq_462843_from_file_1,MSPREIKAFRATQPSLKRVLGCIKLTLVVSQAYNPCLLL,0,0.753701,0.985364,0.996777,4e-06,0.018789,0,阴性
seq_346954_from_file_1,MGTVIGLVLLALIAYMVRKKTGLHLHRWIEKKYQEYEDSKK,0,0.973198,0.979679,0.996884,0.0,0.017613,0,阴性
seq_284863_from_file_1,RQTDLKALIAFSSVSHMGLVVAASLMKSPWSVSGAMLMMI,0,0.90694,0.98563,0.995942,0.067171,0.165816,0,阴性
seq_412307_from_file_1,MFHETTPRSGMLSKSSRARSTPYVFAYPTSILFRQKIVRLVFEQTI,0,0.685245,0.968123,0.995755,0.0,0.006711,0,阴性
seq_504996_from_file_1,MKFFNSTVYSFSKIKSTPSLMLSCSGKKKKGHYHCALL,0,0.751122,0.970434,0.997008,0.015004,0.256525,0,阴性
seq_497537_from_file_1,MSNATMRHVTLDLPRRVYSTCGPQRAGWGYAGSYAF,0,0.505585,0.959703,0.994045,0.189842,0.322013,0,阴性
seq_524143_from_file_1,MWFALSITWRLRVLAVVWLSFPAPNRYQ,0,0.400711,0.877982,0.994095,4e-06,0.006302,0,阴性
seq_366818_from_file_1,MLLDLPEGEQYSSIKKHLFGLLGNVKIAQISLSKALEQFP,0,0.76369,0.976124,0.996198,0.0,0.002796,0,阴性
seq_437841_from_file_1,MLPHETRISHAPQQEDGHICADERQHHPVRGRHPVRPSGDTRT,0,0.219014,0.849141,0.991245,1e-06,0.009564,0,阴性
seq_309149_from_file_1,MVPPAAEPPLPPSCKPNRDSPTHPSSSTPSNTPQMQS,0,0.127217,0.805887,0.989216,0.000158,0.021919,0,阴性
seq_462805_from_file_1,MLKGASLYIMVTIEKQEILRRSEGVLPAMNYSEGVELR,0,0.773764,0.971199,0.996584,3e-06,0.012792,0,阴性
seq_502031_from_file_1,MGESRVRLPGGVVREWGQGHRLWGDGKVGVVKPQNR,0,0.759883,0.983364,0.996744,1e-06,0.016196,0,阴性
seq_350338_from_file_1,MGLGLGAGAGFSCAGFGGGLWTSTGVILVLFILLVIISVSWI,0,0.844356,0.957401,0.994049,0.0,0.010044,0,阴性
seq_358774_from_file_1,MKLKRIALLASLAVLLGSTLGGCIVVPDGGYHHHRDYYRY,0,0.988572,0.996624,0.998089,3.2e-05,0.030224,0,阴性
seq_292173_from_file_1,MAIEHFSFLNSEQKIIEKLLLIKKGYEKIKNYSCKFC,0,0.951495,0.991411,0.998582,1e-06,0.027867,0,阴性
seq_509562_from_file_1,MSCGFWFCVIPLIHITVFHVLHDMN,0,0.719257,0.940644,0.996913,0.0,0.007363,0,阴性
seq_408342_from_file_1,MHFTLMNIIFHHNSEKLVHNKYLCWLFVVNIIK,0,0.77457,0.965231,0.997153,3e-06,0.027872,0,阴性
seq_458089_from_file_1,MPNKKYALLGLVTVCITALCALGLVRDSLCEFEYHTANTNVLAKLAYEAK,0,0.928419,0.987696,0.996125,0.002018,0.104287,0,阴性
seq_332515_from_file_1,MNTKGILIAILALGSITFTNAQQPAGYFFKEFTSGKVSLKFTSEIIFKR,0,0.968275,0.996701,0.997822,3.4e-05,0.061247,0,阴性
seq_469502_from_file_1,MLFNVALKQRLTDLINWERPETQKYESAV,0,0.78912,0.98202,0.996865,0.0039,0.15742,0,阴性
seq_418175_from_file_1,MPCLVAAAAVNNPLDSPTVLCADPLLPWPPWGPQ,0,0.113347,0.755617,0.974043,9e-05,0.021994,0,阴性
seq_356426_from_file_1,EMEAKKRALEEEKRRREQLEKRLEEETSQRQKLIEKEVKIREKQRAQVR,0,0.987187,0.996293,0.99894,0.002376,0.064541,0,阴性
seq_436495_from_file_1,MQLLVLYWMYLCWFECLGFQLEQNVIYSFGILCTV,0,0.723123,0.947279,0.996655,0.0,0.005162,0,阴性
seq_381027_from_file_1,MYYQATVPSVLVRARRWTRSLGLSSVILVLGSG,0,0.687044,0.974865,0.996348,0.000676,0.150887,0,阴性
seq_475338_from_file_1,MQKVCFSDREKFSEPYHLLPQSLGLYDMGTLTDHDFTNKF,0,0.820796,0.979351,0.997048,0.010506,0.238441,0,阴性
seq_411726_from_file_1,MGERAWGLIPDVAPPSDDFDSCRSSVERQLPGSTRGMMSLRG,0,0.45338,0.93614,0.994713,0.0,0.014828,0,阴性
seq_340500_from_file_1,MQFLGPAEKGTYAYGWRSNVFSGKNRSGSNFSGFGNVFSLR,0,0.67839,0.948496,0.993924,0.0,0.012497,0,阴性
seq_479329_from_file_1,MGIESHTPDCSKERTCRISDLYKKAEGTREKMEEETLIFIEATKFFSME,0,0.821106,0.98498,0.996197,0.0,0.003741,0,阴性
seq_424583_from_file_1,MLVHPAMFHTFRLKSLFFEHSFGKLLCLRRTLQTIVDVILS,0,0.621879,0.94826,0.995962,0.0,0.005003,0,阴性
seq_449476_from_file_1,MSIGEKIKKSRNEKSLSLRELAVKVDLSASFLSQIEQGKASPSIENLKK,0,0.94616,0.993264,0.998138,1e-06,0.024898,0,阴性
seq_457577_from_file_1,MLKQALPVKRNSLAVNSIKRFLINELEEGMGQFLIVGPLSLTPKLY,0,0.817635,0.981473,0.996526,0.998872,0.830954,1,阳性
seq_356044_from_file_1,LDIRKKFFTEKVVRHWNRLPRETVDAPSLEVFKARLDEALSNLV,0,0.911654,0.989221,0.99655,1e-06,0.015779,0,阴性
seq_545403_from_file_1,MITSALLYSGMPSQCFWVLLDCIRKWLLIMCPVLHFVSLIQFYMQ,0,0.630758,0.927627,0.995515,0.0,0.006055,0,阴性
seq_489936_from_file_1,MIYCLLTSSFKKKMRVVMHMYVPVFTCMDIRLALIHIPV,0,0.834655,0.968166,0.996691,0.0,0.003464,0,阴性
seq_329405_from_file_1,MSFSLAVGHDLFAIVGGGVDIGKIVAEHTCQAFVLVKERLVDEKNSVYR,0,0.723388,0.9268,0.993081,1.3e-05,0.035945,0,阴性
seq_485776_from_file_1,MLSNSRTTVISGFSYKCNLSVPPNRQFK,0,0.527906,0.955161,0.996777,0.0,0.007473,0,阴性
seq_416111_from_file_1,MNLLLGDCPAVLIQLEKGNPLKETALPCGDWSRWPTKRRASTV,0,0.555282,0.939083,0.993183,0.001424,0.10211,0,阴性
seq_384699_from_file_1,MVFVALKPCVDIFLNGCCPFLSIDSTILTGKFGGQLAISCAIDGHN,0,0.672919,0.94757,0.994749,0.0,0.010189,0,阴性
seq_289873_from_file_1,MINFPSIFVPLVGLVFPAIAMASLFIHVQKNKIF,0,0.866404,0.982308,0.99662,1e-06,0.013057,0,阴性
seq_312601_from_file_1,MIEHPFVEYSDAYEAFRKDLEDQKIDDEIYGTYEEQHRLRLSDVL,0,0.818766,0.967955,0.996029,3.9e-05,0.042125,0,阴性
seq_397187_from_file_1,MTCAINFFNGWSCYSLGKQRACCLTEPQSGLDWRQSQ,0,0.425286,0.84394,0.99408,0.147078,0.092292,0,阴性
seq_492155_from_file_1,MTLQHRMSLSQPLQQVKTPPNQLRVTLAQQHAPMLPLLVQKP,0,0.22236,0.924991,0.9895,0.0,0.020324,0,阴性
seq_413301_from_file_1,MKANLFNTGMLIHNYNTDLNFSLRGNKSEYRNGFYLGFPN,0,0.70483,0.978726,0.996437,0.000157,0.091481,0,阴性
seq_465025_from_file_1,MSFQFLLIYLYTKKKEKRFIKEHPELTLGVLFLIFFQLFTGDIL,0,0.942384,0.987677,0.997628,0.0,0.009538,0,阴性
seq_418151_from_file_1,MMCLMTGGKPLLKKEMCEFMCWFAVNSLPLMPPRGMQTKRDYF,0,0.478439,0.918336,0.993894,0.000565,0.050814,0,阴性
seq_489515_from_file_1,MCNDWDPQLLDVYYFIFISCFVNVLVHFFQLISMMFILSSL,0,0.690974,0.958687,0.996488,0.0,0.005616,0,阴性
seq_383674_from_file_1,MFCFSKYLTGISDLFGSQVGHKFGFIAQVDVVA,0,0.758527,0.964689,0.996319,0.0,0.003409,0,阴性
seq_515429_from_file_1,MSSVFLWLAALFCFKSNGNKSRAELQGVVCIRE,0,0.825372,0.976977,0.997131,3e-06,0.018987,0,阴性
seq_315092_from_file_1,MKFTTYLYRHTAHHGIDKYKPKLPPLLFQQQLNIFGILQYA,0,0.864414,0.983047,0.996981,5e-06,0.022901,0,阴性
seq_526569_from_file_1,MLKNQKNKAYKFYDSAVLHLPFGVPLSLSDSFSASQS,0,0.919482,0.987262,0.997711,0.282304,0.715682,1,阳性
seq_333860_from_file_1,MARRIAANSLLDNRMDDVRSSEPANATRRRWNERRGDAAVAAPPV,0,0.524183,0.931955,0.992982,4.1e-05,0.038786,0,阴性
seq_335443_from_file_1,CRICEMEFTEPERTMRHMVKAHSKPQKAKK,0,0.392433,0.93394,0.988272,0.819297,0.485703,0,阴性
seq_387685_from_file_1,MRAFGVDLDSSSQTPMLIDLCLMYKESSNAPKLHSSSPL,0,0.606065,0.965571,0.996184,0.0,0.003909,0,阴性
seq_548961_from_file_1,MNRFSIGVYIMSNNIKIIFIFAFFRVFKFLKIQSQRFLNINPEFVA,0,0.92006,0.98311,0.997519,0.0,0.012146,0,阴性
seq_418370_from_file_1,MIPSAEVRCGMGKPMSSYVTWASGHWFDCCNSYGAYNKYKWYNCQQMKMI,0,0.559078,0.90126,0.991926,0.022097,0.18859,0,阴性
seq_385281_from_file_1,MMRSSPPYSRKKLFYTGGCSNVILLAVPFE,0,0.769573,0.978384,0.997101,0.00054,0.111603,0,阴性
seq_297603_from_file_1,SLVRREGYLIVVDDGKQAEDGENAAKPSSRNDRILAVAPNYVID,0,0.8326,0.969869,0.995045,5.3e-05,0.054449,0,阴性
seq_302394_from_file_1,MWYFAWMLGLPLAALLAVVNAMWLELNEDNRAFDEAD,0,0.805466,0.92903,0.995158,0.0,0.011261,0,阴性
seq_349262_from_file_1,MVGYLTAEFVGDISAPMFPTSGLVCIEYDVQRRQGEVLWHIHP,0,0.343615,0.83109,0.986957,5.2e-05,0.037359,0,阴性
seq_525913_from_file_1,MCAVEVHVIHSVYTAASALNLPVFKWTQSDGEDSTQHNV,0,0.535781,0.922258,0.993712,0.000725,0.053244,0,阴性
seq_416448_from_file_1,MEPITQASVLDLLLGPQLKCKREIAYWLGIYLKKCLLYRL,0,0.90639,0.989036,0.997232,0.008839,0.182438,0,阴性
seq_453869_from_file_1,SWKAEGEDIGWSVIVVRQKIDVRTDKLHLGEKVMERHDPLRWQAALTLD,0,0.85302,0.98002,0.99545,3e-06,0.012013,0,阴性
seq_369312_from_file_1,MVIKESNAIKISIKYNHTDYLERFRQSENQGKKSCLIL,0,0.905259,0.987199,0.997557,0.0,0.009146,0,阴性
seq_413997_from_file_1,MPTALAAACDEADEEAITTSGRRFCPAPSIRVRSMVFRRG,0,0.308223,0.857204,0.989934,0.000117,0.029414,0,阴性
seq_297022_from_file_1,MAALRKLMSDIADIRAAVNAAREYSVLASLPRDAAQRRDPLKAFLPN,0,0.703243,0.967098,0.994662,0.000649,0.081617,0,阴性
seq_462977_from_file_1,MIKEKYMIFHIYVLANIIFVFQGVAGGMSDGVLDLKMPP,0,0.934879,0.977445,0.996946,0.0,0.005335,0,阴性
seq_513691_from_file_1,MTNCSLTKGQNSHLEGTFELVIRVSPLFKKSTNIFHS,0,0.77579,0.981242,0.997211,0.0,0.007249,0,阴性
seq_356882_from_file_1,MLIEKNITPQTVYKKVKALDEKLLEFEKAVKDGGDISAAAKNTNPSLR,0,0.870304,0.986498,0.996373,0.011791,0.173911,0,阴性
seq_492407_from_file_1,MSYITDSLQLYKDKISHLVKFSFRPEASEKVLIKLIAIGI,0,0.908021,0.985341,0.997252,0.0,0.007969,0,阴性
seq_345676_from_file_1,MFSFTFDPLAAIFGISGIVGFFFFVSAAKETSSINTKPKKELD,0,0.843368,0.967206,0.995563,1e-06,0.010541,0,阴性
seq_426350_from_file_1,MFLTTYSFLLLISEFMNGWMVCQWLVKDKCALTSSALPQ,0,0.515372,0.906384,0.995175,0.0,0.008088,0,阴性
seq_300725_from_file_1,MLMKPFHLLASNKTINKERRRVIHLEFNSHQLSKPLEWLEYESIN,0,0.751297,0.959689,0.996518,9e-06,0.038188,0,阴性
seq_538732_from_file_1,MKFGLLSYLLGKNCQYTLKYLYSLKHKGIIF,0,0.967773,0.993847,0.998327,0.106808,0.768645,1,阳性
seq_341787_from_file_1,MKTFSRISLCCHGDGRTTGCRLLDKKKVRRTSLLHQSRSFLPYRNPL,0,0.805111,0.981253,0.997048,0.000274,0.10308,0,阴性
seq_509199_from_file_1,MRWGISCLLPPTIYWAIKLIAKPTVLLSVPL,0,0.554622,0.933328,0.994802,2e-06,0.017432,0,阴性
seq_470266_from_file_1,MGDEGDEGDKGDEGDEGDKGEIFITNYQLPITMPNAPCPITQYT,0,0.663659,0.967123,0.995137,0.0,0.008773,0,阴性
seq_334507_from_file_1,MKLYPDAPRRQIRENPNKTLEGIKTHLILLLCALIAYW,0,0.843683,0.989102,0.996758,4.1e-05,0.047851,0,阴性
seq_479370_from_file_1,MLRGNRYRIYPNKEQKALMEKHFGSCRFVYNKLLEIK,0,0.92081,0.992657,0.997764,4e-06,0.024059,0,阴性
seq_539066_from_file_1,MPAGETRWEQEVTSLNPRNQTYRAHVLHLTPQDW,0,0.382037,0.962484,0.993225,4.4e-05,0.032561,0,阴性
seq_434531_from_file_1,MHLKQPCGESRVCQNWVKFIQLVVLVIVLV,0,0.71161,0.959528,0.996927,0.0,0.00704,0,阴性
seq_386795_from_file_1,MKMSICCSPELNGGLRRRRMVLVATAVKAEVVRTRNSTRLK,0,0.62447,0.963334,0.995726,0.0,0.006638,0,阴性
seq_389592_from_file_1,MYVCTVTIHTGMHGRAPCSRRSRTARIRTSSGEVLPLHADSRGSRAG,0,0.282556,0.934501,0.992758,1e-06,0.013121,0,阴性
seq_436241_from_file_1,MVHIGWNSSNNNMQQSNRSCVFLDSKCSSIYATNSSEVSASLI,0,0.524426,0.908504,0.994516,8.7e-05,0.037254,0,阴性
seq_302080_from_file_1,MLGIFSTVTNNVNGHFLVVHGADIQVIVDLKDVTII,0,0.759333,0.973603,0.995901,0.0,0.013883,0,阴性
seq_285297_from_file_1,MSPQTETKASVGFKAGVKDYKLTYYTPEYETKDTDILAAFRV,0,0.756945,0.986564,0.995474,0.0,0.010792,0,阴性
seq_358636_from_file_1,RINHSSGADLALSYNHLNKNNNSRADELTSQE,0,0.878653,0.987003,0.99738,6e-05,0.083558,0,阴性
seq_321259_from_file_1,MNNSSWVRKYDYLCEECGMAFASFQEYLEHHKLHHPKSIGTAIT,0,0.525293,0.968482,0.995346,2.2e-05,0.03093,0,阴性
seq_530337_from_file_1,MSQYLGCIHITHYRHVADAFIQSDLPINPIQFMLGKN,0,0.792628,0.966288,0.996755,0.0,0.00367,0,阴性
seq_440825_from_file_1,MCTSKTLSGIVASICGYNICVTTRIRA,0,0.638458,0.963534,0.995674,0.965209,0.493865,0,阴性
seq_465072_from_file_1,MYEPLHDYQKRGWRACPFLCLQASLLSTAGRSMRKGKWDDKP,0,0.6681,0.956562,0.99611,3.7e-05,0.053025,0,阴性
seq_375554_from_file_1,MGKVPCFLSTIGRDMSGKAVGAGGTKEVMSVQAKLRARDKRE,0,0.697493,0.974252,0.995378,9e-06,0.033229,0,阴性
seq_484111_from_file_1,MLRTLVFIRLLMVDKASYIEKNITDRSGRVSTHRSLFNV,0,0.864828,0.97915,0.996914,1e-06,0.011619,0,阴性
seq_320720_from_file_1,MGLRILGFKAARLPLTNVNVAMAVFNILRKKVIDLEDCS,0,0.799105,0.973151,0.995869,1.3e-05,0.024634,0,阴性
seq_453172_from_file_1,MPMKTSSPLALHKQKPVLECDMLARSTAAKPHFCQINQFQNKTGKKIKS,0,0.576619,0.93267,0.995413,0.083015,0.152992,0,阴性
seq_390708_from_file_1,MHLAVLFCLFFGKIKKLIFLTMPLSLL,0,0.841289,0.981849,0.99744,1e-06,0.03334,0,阴性
seq_293543_from_file_1,MYALSFFGLIAGLLSFSGIYVYYTIKQQVYNFRYRKKHQESE,0,0.967946,0.986162,0.997349,0.002178,0.08942,0,阴性
seq_523459_from_file_1,MSMKSDPSMGLPVNFRGEVHKRSKRVQQVHIDTTV,0,0.366514,0.944166,0.994966,0.000266,0.068069,0,阴性
seq_362541_from_file_1,MKRDLAICINSPSFAFIHSAIDGISAFNLEKALDWKNFN,0,0.85693,0.971535,0.996664,0.0,0.004418,0,阴性
seq_271506_from_file_1,MLPSIFVPLIGLVLPIIAVISFFIYVEEEKIN,0,0.904758,0.979352,0.996747,0.000498,0.063527,0,阴性
seq_501916_from_file_1,MCSQTKLLISQQPPLPLQGIPNFDYNFWKYTITD,0,0.667013,0.968667,0.996926,4e-06,0.022225,0,阴性
seq_358149_from_file_1,MVQKRGFLALATPITPPMVASAQTKQDQGTDLHRLPPSF,0,0.79421,0.983156,0.996235,2e-06,0.013165,0,阴性
seq_413105_from_file_1,MEAKPIVLEESSIHCCPILLHCHYLLDVWDHLLEIRLQKGDPA,0,0.43207,0.901792,0.994224,0.0,0.006464,0,阴性
seq_465846_from_file_1,MANMKIATCFIMVLMVMFSAGAKAQSGCTTV,0,0.935642,0.995803,0.997598,1.4e-05,0.10016,0,阴性
seq_412461_from_file_1,MQLSIIFSTTRKCENLNTKIPLSASHQ,0,0.699217,0.970768,0.997449,0.003174,0.29327,0,阴性
seq_461416_from_file_1,MKRTVGIVRAAVAAIGSVVASDYIGLFQLIVDGFLLIQALFQ,0,0.844226,0.97004,0.995039,0.002373,0.096713,0,阴性
seq_366481_from_file_1,MTGPSNVPATKTAGTCLSAGGYEGLGFGEKRTKPLMTFWL,0,0.401734,0.944601,0.993684,0.004802,0.061462,0,阴性
seq_312237_from_file_1,MILCVEFWSYYVQKADNMKLGVIKEIGFGWFCNFLWTHLVQVAAVVTKTI,0,0.781233,0.945023,0.995279,1e-06,0.017202,0,阴性
seq_350512_from_file_1,MLKENKPLLSDSYLDELTKEINQLYGNFEKEREITKENKRDK,0,0.953663,0.992789,0.998038,0.00086,0.112382,0,阴性
seq_505078_from_file_1,MYMCTHKYPGLFPPPSVPVRLVPCLASCLCGYRDWPSLNFAKTRGCMRRI,0,0.773731,0.974271,0.995875,8.9e-05,0.067911,0,阴性
seq_500402_from_file_1,MCQRSRIYIPVHTLGYWYLITNIINFEQVNNLNMALSFAMKH,0,0.874679,0.978177,0.997208,1e-06,0.027136,0,阴性
seq_307614_from_file_1,MVGYDPGSKGTAPAPEDAALSGSAAGMVTRALISPLDVIKIRFQVQ,0,0.739121,0.97923,0.99577,0.0,0.006159,0,阴性
seq_394093_from_file_1,MAVGVTKRAILDGARRKFQCSVWKVIRLPMVLDRQ,0,0.621426,0.971187,0.995196,3e-06,0.032091,0,阴性
seq_543006_from_file_1,MAFGLFCSNKALYLQLRSQWSFLQCANRQKGPLTCHRTFRPDQREPPK,0,0.645857,0.941865,0.995706,0.937693,0.423153,0,阴性
seq_455590_from_file_1,MIVESRKLGLLLKLKLFTQAYLIKYLSPIYDKVRTTD,0,0.898861,0.987486,0.997645,0.013122,0.329936,0,阴性
seq_404399_from_file_1,MSAVYVTSSSATPSSDISRFISIAMSNSPSLQQPSMRVV,0,0.311881,0.88781,0.990765,2.9e-05,0.030655,0,阴性
seq_537622_from_file_1,MTPQSVDDCKVALNSPPWDYVLREQASESRKNCCILFYSIFIK,0,0.716051,0.978679,0.996342,0.0,0.005458,0,阴性
seq_454204_from_file_1,MAYKLNGAKFPTLEELVEALYPLYADKMSEEEFKKYAEENAEQS,0,0.748031,0.962069,0.994867,5.5e-05,0.041637,0,阴性
seq_380222_from_file_1,MELFNLTAVVVSRNCWKICPSTCTINSWLQASILQKQSITW,0,0.466145,0.875506,0.993769,0.066351,0.082031,0,阴性
seq_344971_from_file_1,MNESQLGYEFNCLGLEPSWAGDGCELEKEINLCSAPYGLACDLQHRYM,0,0.681161,0.946174,0.99517,0.002854,0.089397,0,阴性
seq_277452_from_file_1,DICDDAVAQCSMTLCQLCYNTEICELSVIGSCQPPFS,0,0.576375,0.955409,0.994594,1.0,0.990225,1,阳性
seq_331762_from_file_1,MSLDAIGLVRKFFCEKNSRYMFKRRHKQEWS,0,0.909734,0.98282,0.9974,0.000391,0.094206,0,阴性
seq_505453_from_file_1,MLSLHRKTSHGCFPAMFLLLFFVLLALHPSRLLYHHFLIAVNFG,0,0.697495,0.967682,0.996295,0.0,0.004055,0,阴性
seq_392362_from_file_1,MAEDIVILQGLYMKWNSVTLRDVERIWVTSSCLLFFSWA,0,0.74867,0.964414,0.996323,0.0,0.004206,0,阴性
seq_350680_from_file_1,MNNAKRQIHAWTFVAPSLILTLVFGVYPIFWALKYMFYD,0,0.959127,0.991401,0.997108,0.0,0.011459,0,阴性
seq_537489_from_file_1,MKALVIQLLKSFTRCSLLSGGWFCEESGTDCLYF,0,0.882366,0.986077,0.997368,0.549311,0.628818,1,阳性
seq_349224_from_file_1,MIRHILLIQFKPTAKEADILALMSLFEAIPSKVDGVEAVEWGINDS,0,0.729178,0.925812,0.994755,2e-06,0.022697,0,阴性
seq_491716_from_file_1,MKFVTCLPDPMPAALIKTYLPTLDPVLTSSVIN,0,0.314651,0.930026,0.992564,0.0,0.016119,0,阴性
seq_362457_from_file_1,MRKIICYCALINQLNLACVVNLLVVVSFYYNFQRGKGAIAKNQSQG,0,0.957386,0.987763,0.99765,0.042956,0.286196,0,阴性
seq_402038_from_file_1,MYCRVWLDNEVTSVIFTCWLSLH,0,0.742065,0.968162,0.997356,0.0,0.010813,0,阴性
seq_445606_from_file_1,MFGTWHWHQSTIPCKTMSGTWHWHPTMCMRVLEYPLVFQVVQRVIQ,0,0.115227,0.622615,0.978993,3.3e-05,0.00662,0,阴性
seq_534568_from_file_1,MVQPLLRVRFVQRLIVLRDLSSDWSNPGRFLSMDLLLPSTKGPE,0,0.385696,0.906657,0.99259,0.0,0.006482,0,阴性
seq_393956_from_file_1,MGRSISFMEIKKRYEMIINDKENTVSQLQ,0,0.955151,0.995345,0.998392,0.0,0.020003,0,阴性
seq_510754_from_file_1,MRAYVTSDQKIQSLFSLHCLYCKYLKFCRLFIHFGVSFCEAH,0,0.866613,0.982482,0.997354,0.0,0.010379,0,阴性
seq_452573_from_file_1,MKFVAEHKEKFERYRQWAISEAPRSEIRRRLAKLCWVERKYYREWAALS,0,0.779031,0.966876,0.993909,6.2e-05,0.057205,0,阴性
seq_324589_from_file_1,CKAGQVAASPRTEDCVGCKRCETACPTDFLSIRVYLGAETTRSMGLAY,0,0.535226,0.957438,0.990926,1e-06,0.03468,0,阴性
seq_463609_from_file_1,MFQKDVSNINLLATVLLAGNANFLSITNQHGLSYWPQKLSYVSLVVVSS,0,0.721164,0.961675,0.995666,7e-06,0.049235,0,阴性
seq_436986_from_file_1,MLSRKTSVTDEHLFSTSYPTRSHCNASKTD,0,0.66694,0.980287,0.997363,0.0,0.019928,0,阴性
seq_273083_from_file_1,MMNWSPTVALITAQMLRVPQAILDMIAGAHWGVLAGIAYFSMVGTGRRS,0,0.452248,0.895428,0.987803,0.000223,0.0511,0,阴性
seq_542742_from_file_1,MNLQGKIQDFSWNYKNGSMFPLRKRDKLRTATLRIKYPIRQNLVRLPF,0,0.758737,0.977433,0.996706,0.000704,0.09325,0,阴性
seq_302801_from_file_1,MGNLSVDALAIAALVGFASLLLIGAGLTAWLWKQSGKSEGDL,0,0.855834,0.976694,0.995202,2.1e-05,0.054984,0,阴性
seq_429071_from_file_1,MCQDLRCSTLFCFQGPLIDYRRVICIYPLDI,0,0.683096,0.94384,0.996626,1e-06,0.013999,0,阴性
seq_498821_from_file_1,MSNQLIQKTDNILHGFEKSAYGYFVCGSCVGGLRQELLGCGLLLPD,0,0.880123,0.985894,0.997175,1e-05,0.03349,0,阴性
seq_478073_from_file_1,ELVTRPLRRNENLDNLDRTTLVRNNNEFYTSTPTPR,0,0.773621,0.991276,0.996791,0.242227,0.614073,1,阳性
seq_424743_from_file_1,MLFSGASPTQALMMFSSIALCFARAFTTSVPGGTRGALVR,0,0.35187,0.901317,0.988579,0.0,0.012434,0,阴性
seq_468744_from_file_1,MARGGTISDTPRSLHRRQAWLLQKPSPPQACRSEACPR,0,0.512391,0.961731,0.995703,9e-06,0.036602,0,阴性
seq_487615_from_file_1,MQICLISCDLESSSYFKALIHTNPDKTNLRI,0,0.808628,0.97452,0.997262,0.0,0.007757,0,阴性
seq_294417_from_file_1,MKGGDRFLERMTVIVTMIFTIFMIIRIGYLRIGLLTLVMCA,0,0.817538,0.98103,0.996,0.0,0.004502,0,阴性
seq_294658_from_file_1,MLSNAMIEKFIEHTLVSTVHEDEIEICIPKEKRAEFESWRSTSGV,0,0.757276,0.953725,0.995159,1e-06,0.01827,0,阴性
seq_296859_from_file_1,MDLTDPTIPRQIRWILEPAHHPLEPLSASPHASLTSQRSP,0,0.177967,0.828795,0.988348,4.5e-05,0.019723,0,阴性
seq_427016_from_file_1,MLYILVLTSHTLFQQNLIMISPSYLNYGLKYLPFSIQRFTYLYC,0,0.81203,0.972875,0.996829,1e-04,0.063749,0,阴性
seq_305636_from_file_1,MWNEDGGTSSEWAYKNIPFFISNRGYGVFVDSTSDVVYEIQSERTT,0,0.659978,0.968991,0.994719,0.000198,0.067153,0,阴性
seq_303153_from_file_1,MGCHGCLLSVSVGIDAATAWPSGGWWHCSGATGKFGRGAAITCRH,0,0.418998,0.844809,0.988633,0.904981,0.497002,0,阴性
seq_347429_from_file_1,MRSKRSLFVANLDGNPGYHARIKSDDKRKIA,0,0.781283,0.978954,0.996702,0.006563,0.179809,0,阴性
seq_403454_from_file_1,MKLILTPFRNLVNFRRSCRFLTKVQLLVYLHSLS,0,0.717158,0.978081,0.997094,0.0,0.007864,0,阴性
